account,received,timestamp
tlosto.seeds,1000,2019-12-19T19:59:49.500
invite.seeds,29868,2019-12-23T06:23:26.500
thealchemist,222000,2020-04-09T13:54:53.000
loveandlight,33330,2020-04-23T02:26:24.000
paulcoleman1,25000,2020-05-07T20:26:48.000
lecielfuture,520000,2020-05-07T20:26:48.000
thealchemist,1,2020-05-22T14:27:24.000
seeding1love,198000,2020-06-06T08:27:42.000
seeding1love,38500,2020-06-06T08:27:42.000
avivaaviva12,160000,2020-06-22T11:25:18.000
localearth11,2500,2020-07-05T04:12:06.000
integrity333,20000000,2020-07-05T04:12:06.000
atitlanhrbls,13052,2020-07-20T20:30:21.500
rbretminster,100000,2020-07-20T20:30:21.500
elviverolago,276507,2020-07-20T20:30:21.500
gradinagruiu,500000,2020-08-03T15:41:25.500
socentav1234,100000,2020-08-03T15:41:25.500
seedsembassy,250000,2020-09-02T15:05:02.000
carleymonty1,100000,2020-09-02T15:05:02.000
thealchemist,200000,2020-09-02T15:05:02.000
carleymonty1,206600,2020-09-17T12:17:18.500
ionregenerar,180000,2020-09-17T12:17:18.500
huertosparat,58667,2020-10-01T21:08:20.500
zaydelzaydel,50000,2020-10-01T21:08:20.500
igorberlenko,2816000,2020-10-01T21:08:20.500
cagettenetfr,500000,2020-10-01T21:08:20.500
zerofoodprt1,500000,2020-10-01T21:08:20.500
dianabehrens,123456,2020-10-16T19:19:43.000
grllagallery,3123634,2020-10-16T19:19:43.000
gradinagruiu,132544,2020-10-16T19:19:43.000
openclimatec,400000,2020-10-16T19:19:43.000
fwfrontiers1,2811380,2020-10-16T19:19:43.000
mangwendeoct,32592.51,2020-10-31T20:39:00.000
communityfnd,22222,2020-10-31T20:39:00.000
clean4planet,125000,2020-10-31T20:39:00.000
fincasagrada,154250,2020-11-15T12:01:12.000
genseedsrwds,62500,2020-11-15T12:01:12.000
thecatalyzer,2500,2020-11-15T12:01:12.000
feastonlife3,12500,2020-11-15T12:01:12.000
contourlinez,85000,2020-11-15T12:01:12.000
mangwendeoct,32592.51,2020-11-15T12:01:12.000
communityfnd,22222,2020-11-15T12:01:12.000
clean4planet,125000,2020-11-15T12:01:12.000
weareessency,50000,2020-11-30T08:46:12.000
icinetworkld,9929,2020-11-30T08:46:12.000
fincasagrada,154250,2020-12-01T03:09:16.500
genseedsrwds,62500,2020-12-01T03:09:16.500
thecatalyzer,2500,2020-12-01T03:09:16.500
feastonlife3,12500,2020-12-01T03:09:16.500
contourlinez,85000,2020-12-01T03:09:16.500
mangwendeoct,32592.51,2020-12-01T03:09:16.500
communityfnd,22222,2020-12-01T03:09:16.500
clean4planet,125000,2020-12-01T03:09:16.500
chirandu1234,62500,2020-12-14T17:24:54.000
thesisters23,38079,2020-12-14T17:24:54.000
sempervivum1,36912.5,2020-12-14T17:24:54.000
abasicincome,5550,2020-12-14T17:24:54.000
renaissanceu,660000,2020-12-14T17:24:54.000
weareessency,50000,2020-12-14T17:24:54.000
icinetworkld,9929,2020-12-14T17:24:54.000
fincasagrada,154250,2020-12-14T17:24:54.000
genseedsrwds,62500,2020-12-14T17:24:54.000
thecatalyzer,2500,2020-12-14T17:24:54.000
feastonlife3,12500,2020-12-14T17:24:54.000
contourlinez,85000,2020-12-14T17:24:54.000
mangwendeoct,32592.51,2020-12-14T17:24:54.000
communityfnd,22222,2020-12-14T17:24:54.000
clean4planet,125000,2020-12-14T17:24:54.000
seedsembassy,22116.75,2021-01-13T07:41:36.500
onetimesone1,52000,2021-01-13T07:41:36.500
oowseedslove,312410,2021-01-13T07:41:36.500
oowseedslove,299910,2021-01-13T07:41:36.500
stanleynyoni,95000,2021-01-13T07:41:36.500
chirandu1234,62500,2021-01-13T07:41:36.500
thesisters23,38079,2021-01-13T07:41:36.500
sempervivum1,36912.5,2021-01-13T07:41:36.500
abasicincome,5550,2021-01-13T07:41:36.500
renaissanceu,660000,2021-01-13T07:41:36.500
weareessency,50000,2021-01-13T07:41:36.500
icinetworkld,9929,2021-01-13T07:41:36.500
fincasagrada,154250,2021-01-13T07:41:36.500
genseedsrwds,62500,2021-01-13T07:41:36.500
thecatalyzer,2500,2021-01-13T07:41:36.500
feastonlife3,12500,2021-01-13T07:41:36.500
contourlinez,85000,2021-01-13T07:41:36.500
theseedsgame,125000,2021-02-12T11:24:00.000
baricharareg,25000,2021-02-12T11:24:00.000
dstudioproto,281250,2021-02-12T11:24:00.000
retribelife1,43750,2021-02-12T11:24:00.000
seedsembassy,22116.75,2021-02-12T11:24:00.000
onetimesone1,52000,2021-02-12T11:24:00.000
oowseedslove,312410,2021-02-12T11:24:00.000
oowseedslove,299910,2021-02-12T11:24:00.000
stanleynyoni,95000,2021-02-12T11:24:00.000
chirandu1234,62500,2021-02-12T11:24:00.000
thesisters23,38079,2021-02-12T11:24:00.000
sempervivum1,36912.5,2021-02-12T11:24:00.000
abasicincome,5550,2021-02-12T11:24:00.000
renaissanceu,660000,2021-02-12T11:24:00.000
weareessency,50000,2021-02-12T11:24:00.000
icinetworkld,9929,2021-02-12T11:24:00.000
seedsembassy,562500,2021-03-13T10:25:00.000
gesundaseeds,159750,2021-03-13T10:25:00.000
seedsembassy,135680,2021-03-13T10:25:00.000
oowseedslove,71430,2021-03-13T10:25:00.000
playfightnow,27750,2021-03-13T10:25:00.000
renaissanceu,430000,2021-03-13T10:25:00.000
hastenregen1,50000,2021-03-13T10:25:00.000
theseedsgame,125000,2021-03-13T10:25:00.000
baricharareg,25000,2021-03-13T10:25:00.000
dstudioproto,281250,2021-03-13T10:25:00.000
retribelife1,43750,2021-03-13T10:25:00.000
seedsembassy,22116.75,2021-03-13T10:25:00.000
onetimesone1,52000,2021-03-13T10:25:00.000
oowseedslove,312410,2021-03-13T10:25:00.000
oowseedslove,299910,2021-03-13T10:25:00.000
stanleynyoni,95000,2021-03-13T10:25:00.000
chirandu1234,62500,2021-03-13T10:25:00.000
thesisters23,38079,2021-03-13T10:25:00.000
sempervivum1,36912.5,2021-03-13T10:25:00.000
abasicincome,5550,2021-03-13T10:25:00.000
renaissanceu,660000,2021-03-13T10:25:00.000
baricharareg,25000,2021-04-12T01:43:11.500
dstudioproto,281250,2021-04-12T01:43:11.500
retribelife1,43750,2021-04-12T01:43:11.500
seedsembassy,22116.75,2021-04-12T01:43:11.500
onetimesone1,52000,2021-04-12T01:43:11.500
oowseedslove,312410,2021-04-12T01:43:11.500
oowseedslove,299910,2021-04-12T01:43:11.500
stanleynyoni,95000,2021-04-12T01:43:11.500
sandhillsf2t,375000,2021-04-12T01:43:12.000
weworldpeace,78620.5,2021-04-12T01:43:12.000
eventandfest,125000,2021-04-12T01:43:12.000
seedsembassy,562500,2021-04-12T01:43:12.000
gesundaseeds,159750,2021-04-12T01:43:12.000
seedsembassy,135680,2021-04-12T01:43:12.000
oowseedslove,71430,2021-04-12T01:43:12.000
playfightnow,27750,2021-04-12T01:43:12.000
renaissanceu,430000,2021-04-12T01:43:12.000
hastenregen1,50000,2021-04-12T01:43:12.000
theseedsgame,125000,2021-04-12T01:43:12.000
valueflowlab,36858,2021-04-17T07:08:24.500
samenspendep,10000,2021-04-17T07:08:41.500
rebuild555co,20500,2021-04-17T07:08:49.000
jaquerespeis,50000,2021-04-17T07:08:58.000
mangwendeoct,36250,2021-04-17T07:09:09.000
seedsembassy,1604939.5,2021-05-12T00:36:42.500
syddreams123,50000,2021-05-12T00:36:42.500
perfectcommu,73625,2021-05-12T00:36:42.500
seedslibrary,31250,2021-05-12T00:36:42.500
mangwendeoct,100000,2021-05-12T00:36:42.500
sandhillsf2t,375000,2021-05-12T00:36:42.500
mangwendeoct,36250,2021-05-12T00:36:42.500
jaquerespeis,50000,2021-05-12T00:36:42.500
weworldpeace,78620.5,2021-05-12T00:36:42.500
rebuild555co,20500,2021-05-12T00:36:42.500
samenspendep,10000,2021-05-12T00:36:42.500
valueflowlab,36858,2021-05-12T00:36:42.500
eventandfest,125000,2021-05-12T00:36:42.500
seedsembassy,562500,2021-05-12T00:36:42.500
gesundaseeds,159750,2021-05-12T00:36:42.500
seedsembassy,135680,2021-05-12T00:36:42.500
oowseedslove,71430,2021-05-12T00:36:42.500
playfightnow,27750,2021-05-12T00:36:42.500
renaissanceu,430000,2021-05-12T00:36:42.500
hastenregen1,50000,2021-05-12T00:36:42.500
theseedsgame,125000,2021-05-12T00:36:42.500
baricharareg,25000,2021-05-12T00:36:42.500
dstudioproto,281250,2021-05-12T00:36:42.500
retribelife1,43750,2021-05-12T00:36:42.500
kinshipearth,50000,2021-06-10T12:35:10.500
sabereslibre,42500,2021-06-10T12:35:10.500
samaradhoooo,1250000,2021-06-10T12:35:10.500
designskunks,75000,2021-06-10T12:35:10.500
thirteendays,26000,2021-06-10T12:35:10.500
grassrootsec,50000,2021-06-10T12:35:10.500
seedsembassy,1604939.5,2021-06-10T12:35:10.500
syddreams123,50000,2021-06-10T12:35:10.500
perfectcommu,73625,2021-06-10T12:35:10.500
seedslibrary,31250,2021-06-10T12:35:10.500
mangwendeoct,100000,2021-06-10T12:35:10.500
sandhillsf2t,375000,2021-06-10T12:35:10.500
mangwendeoct,36250,2021-06-10T12:35:10.500
jaquerespeis,50000,2021-06-10T12:35:10.500
weworldpeace,78620.5,2021-06-10T12:35:10.500
rebuild555co,20500,2021-06-10T12:35:10.500
samenspendep,10000,2021-06-10T12:35:10.500
valueflowlab,36858,2021-06-10T12:35:10.500
eventandfest,125000,2021-06-10T12:35:10.500
seedsembassy,562500,2021-06-10T12:35:10.500
gesundaseeds,159750,2021-06-10T12:35:10.500
seedsembassy,135680,2021-06-10T12:35:10.500
oowseedslove,71430,2021-06-10T12:35:10.500
playfightnow,27750,2021-06-10T12:35:10.500
renaissanceu,430000,2021-06-10T12:35:10.500
hastenregen1,50000,2021-06-10T12:35:10.500
seedsembassy,1687500,2021-07-10T01:50:44.000
collabdesign,55625,2021-07-10T01:50:44.000
positivevibe,47125,2021-07-10T01:50:44.000
kinshipearth,50000,2021-07-10T01:50:44.000
sabereslibre,42500,2021-07-10T01:50:44.000
samaradhoooo,1250000,2021-07-10T01:50:44.000
designskunks,75000,2021-07-10T01:50:44.000
thirteendays,26000,2021-07-10T01:50:44.000
grassrootsec,50000,2021-07-10T01:50:44.000
seedsembassy,1604939.5,2021-07-10T01:50:44.000
syddreams123,50000,2021-07-10T01:50:44.000
perfectcommu,73625,2021-07-10T01:50:44.000
seedslibrary,31250,2021-07-10T01:50:44.000
mangwendeoct,100000,2021-07-10T01:50:44.000
sandhillsf2t,375000,2021-07-10T01:50:44.000
mangwendeoct,36250,2021-07-10T01:50:44.000
jaquerespeis,50000,2021-07-10T01:50:44.000
weworldpeace,78620.5,2021-07-10T01:50:44.000
rebuild555co,20500,2021-07-10T01:50:44.000
samenspendep,10000,2021-07-10T01:50:44.000
valueflowlab,36858,2021-07-10T01:50:44.000
eventandfest,125000,2021-07-10T01:50:44.000
fincasagrada,192500,2021-08-08T16:17:13.500
m2ocommunity,36250,2021-08-08T16:17:13.500
giftgardunha,68265,2021-08-08T16:17:13.500
renexplorers,444250,2021-08-08T16:17:13.500
solyvalleorg,33000,2021-08-08T16:17:13.500
paulinhoy434,43125,2021-08-08T16:17:13.500
seedsembassy,1687500,2021-08-08T16:17:13.500
collabdesign,55625,2021-08-08T16:17:13.500
positivevibe,47125,2021-08-08T16:17:13.500
kinshipearth,50000,2021-08-08T16:17:13.500
sabereslibre,42500,2021-08-08T16:17:13.500
samaradhoooo,1250000,2021-08-08T16:17:13.500
designskunks,75000,2021-08-08T16:17:13.500
thirteendays,26000,2021-08-08T16:17:13.500
grassrootsec,50000,2021-08-08T16:17:13.500
seedsembassy,1604939.5,2021-08-08T16:17:13.500
syddreams123,50000,2021-08-08T16:17:13.500
perfectcommu,73625,2021-08-08T16:17:13.500
seedslibrary,31250,2021-08-08T16:17:13.500
mangwendeoct,100000,2021-08-08T16:17:13.500
mangwendeoct,137500,2021-09-07T00:52:03.500
seedsembassy,1624053,2021-09-07T00:52:03.500
bomaikolojia,73500,2021-09-07T00:52:03.500
chachacomke1,62500,2021-09-07T00:52:03.500
gratz.seeds,50000,2021-09-07T00:52:03.500
permacuibera,81750,2021-09-07T00:52:03.500
fincasagrada,192500,2021-09-07T00:52:03.500
m2ocommunity,36250,2021-09-07T00:52:03.500
giftgardunha,68265,2021-09-07T00:52:03.500
renexplorers,444250,2021-09-07T00:52:03.500
solyvalleorg,33000,2021-09-07T00:52:03.500
paulinhoy434,43125,2021-09-07T00:52:03.500
seedsembassy,1687500,2021-09-07T00:52:03.500
collabdesign,55625,2021-09-07T00:52:03.500
positivevibe,47125,2021-09-07T00:52:03.500
kinshipearth,50000,2021-09-07T00:52:03.500
sabereslibre,42500,2021-09-07T00:52:03.500
samaradhoooo,1250000,2021-09-07T00:52:03.500
designskunks,75000,2021-09-07T00:52:03.500
thirteendays,26000,2021-09-07T00:52:03.500
grassrootsec,50000,2021-09-07T00:52:03.500
faanch1134ac,20000,2021-09-07T04:23:19.000
mangwendeoct,137500,2021-09-07T04:23:19.000
seedsembassy,1624053,2021-09-07T04:23:19.000
bomaikolojia,73500,2021-09-07T04:23:19.000
chachacomke1,62500,2021-09-07T04:23:19.000
gratz.seeds,50000,2021-09-07T04:23:19.000
permacuibera,81750,2021-09-07T04:23:19.000
fincasagrada,192500,2021-09-07T04:23:19.000
m2ocommunity,36250,2021-09-07T04:23:19.000
giftgardunha,68265,2021-09-07T04:23:19.000
renexplorers,444250,2021-09-07T04:23:19.000
solyvalleorg,33000,2021-09-07T04:23:19.000
paulinhoy434,43125,2021-09-07T04:23:19.000
seedsembassy,1687500,2021-09-07T04:23:19.000
collabdesign,55625,2021-09-07T04:23:19.000
positivevibe,47125,2021-09-07T04:23:19.000
cassiuscarv1,56500,2021-10-06T15:55:17.000
bethechangec,35000,2021-10-06T15:55:17.000
mangwendeoct,137500,2021-10-06T15:55:17.000
seedsembassy,1624053,2021-10-06T15:55:17.000
bomaikolojia,73500,2021-10-06T15:55:17.000
chachacomke1,62500,2021-10-06T15:55:17.000
gratz.seeds,50000,2021-10-06T15:55:17.000
permacuibera,81750,2021-10-06T15:55:17.000
fincasagrada,192500,2021-10-06T15:55:17.000
m2ocommunity,36250,2021-10-06T15:55:17.000
giftgardunha,68265,2021-10-06T15:55:17.000
renexplorers,444250,2021-10-06T15:55:17.000
solyvalleorg,33000,2021-10-06T15:55:17.000
paulinhoy434,43125,2021-10-06T15:55:17.000
imbojuniorac,41725,2021-11-05T11:19:04.500
cassiuscarv1,56500,2021-11-05T11:19:04.500
bethechangec,35000,2021-11-05T11:19:04.500
mangwendeoct,137500,2021-11-05T11:19:04.500
seedsembassy,1624053,2021-11-05T11:19:04.500
bomaikolojia,73500,2021-11-05T11:19:04.500
gratz.seeds,50000,2021-11-05T11:19:04.500
permacuibera,81750,2021-11-05T11:19:04.500
alenjudaddy2,37500,2021-12-04T07:43:20.500
dandyshaman1,50000,2021-12-04T07:43:20.500
imbojuniorac,41725,2021-12-04T07:43:20.500
cassiuscarv1,56500,2021-12-04T07:43:20.500
bethechangec,35000,2021-12-04T07:43:20.500
alenjudaddy2,37500,2022-01-03T00:48:31.500
dandyshaman1,50000,2022-01-03T00:48:31.500
imbojuniorac,41725,2022-01-03T00:48:31.500
cassiuscarv1,56500,2022-01-03T00:48:31.500
bethechangec,35000,2022-01-03T00:48:31.500
bethechangec,50000,2022-02-01T05:46:35.500
judithlucas4,25350,2022-02-01T05:46:35.500
alenjudaddy2,37500,2022-02-01T05:46:35.500
dandyshaman1,50000,2022-02-01T05:46:35.500
imbojuniorac,41725,2022-02-01T05:46:35.500
bethechangec,50000,2022-03-02T17:35:16.500
judithlucas4,25350,2022-03-02T17:35:16.500
alenjudaddy2,37500,2022-03-02T17:35:16.500
dandyshaman1,50000,2022-03-02T17:35:16.500
bethechangec,50000,2022-04-01T06:24:03.500
judithlucas4,25350,2022-04-01T06:24:03.500
bethechangec,50000,2022-04-30T20:28:51.000
judithlucas4,25350,2022-04-30T20:28:51.000
