illumination,2604586.1799999997,2604586.1800 SEEDS
paulcarvalho,916342.7,916342.7000 SEEDS
thealchemist,1592932.76,1592932.7600 SEEDS
tchoptelacc1,406.31000000000006,406.3100 SEEDS
maailmatants,32.89,32.8900 SEEDS
mattportman1,23.94,23.9400 SEEDS
marketorg254,22.869999999999997,22.8700 SEEDS
wildelderoak,1501.84,1501.8400 SEEDS
martinsseeds,559.21,559.2100 SEEDS
kyliathymeta,14982,14982.0000 SEEDS
mountainseed,27150.07,27150.0700 SEEDS
abrancusi123,3417.77,3417.7700 SEEDS
rbretminster,7225.42,7225.4200 SEEDS
rpiesveloces,24713.29,24713.2900 SEEDS
dharmadufman,1096.3,1096.3000 SEEDS
michaelduwe1,301.15,301.1500 SEEDS
vladlausevic,69695.09,69695.0900 SEEDS
neosapien151,1990.8799999999999,1990.8800 SEEDS
inheritslove,27476.549999999996,27476.5500 SEEDS
awakepushkar,9101.37,9101.3700 SEEDS
pollinatenow,703.73,703.7300 SEEDS
garinagoseed,97.22,97.2200 SEEDS
antonisseeds,1948.5,1948.5000 SEEDS
iamphoenix33,27517.329999999998,27517.3300 SEEDS
purwanoto251,1266.26,1266.2600 SEEDS
jaclynjhin11,24000,24000.0000 SEEDS
feedthebirds,682516.22,682516.2200 SEEDS
seviinislost,2204.91,2204.9100 SEEDS
thomasloffet,2243.69,2243.6900 SEEDS
juliomonteir,345275.93,345275.9300 SEEDS
febudfuture1,4508.599999999999,4508.6000 SEEDS
igorberlenko,2.52,2.5200 SEEDS
cometogether,4853371.16,4853371.1600 SEEDS
clarelaverty,9649.27,9649.2700 SEEDS
tortungabot1,26589.940000000002,26589.9400 SEEDS
hackberry111,439.29,439.2900 SEEDS
realityfarms,26561.92,26561.9200 SEEDS
dangermouse1,5225929.300000001,5225929.3000 SEEDS
raoulpreller,1341823.5799999998,1341823.5800 SEEDS
atrixevoluti,1933.3500000000001,1933.3500 SEEDS
obenauscomns,19287.82,19287.8200 SEEDS
jasonrswamy1,787129.34,787129.3400 SEEDS
jeroenvermee,26532.799999999996,26532.8000 SEEDS
visionartist,11582.13,11582.1300 SEEDS
dbeverywhere,684353.2000000001,684353.2000 SEEDS
markflowfarm,7471210.8,7471210.8000 SEEDS
lindaandrews,1129.55,1129.5500 SEEDS
imscdiddykin,4633.22,4633.2200 SEEDS
christercash,15969.380000000001,15969.3800 SEEDS
rosskeeley15,12295.589999999998,12295.5900 SEEDS
anttikaivola,1811.8500000000001,1811.8500 SEEDS
nicknotsanta,1316749.63,1316749.6300 SEEDS
clean1planet,42369.16,42369.1600 SEEDS
garethpick23,1934.47,1934.4700 SEEDS
adafriedrich,1174844.58,1174844.5800 SEEDS
ascendedlife,31373.19,31373.1900 SEEDS
atmalife2312,358054.5,358054.5000 SEEDS
twakefield14,364991.72,364991.7200 SEEDS
seedbetter34,35466.44,35466.4400 SEEDS
erisonmeira1,1761,1761.0000 SEEDS
miafinnbea23,14258.920000000002,14258.9200 SEEDS
mindmonkey12,6750.98,6750.9800 SEEDS
tiberiusi451,1671.98,1671.9800 SEEDS
drehugo12345,31418.43,31418.4300 SEEDS
drigolove333,1305094.6099999999,1305094.6100 SEEDS
jackpalmerhk,31267.45,31267.4500 SEEDS
gradinagruiu,1488319.79,1488319.7900 SEEDS
ambicameral1,31969.72,31969.7200 SEEDS
vixdesignreg,112096.68,112096.6800 SEEDS
solarhoward1,70168.18,70168.1800 SEEDS
sapientseeds,1996.5800000000002,1996.5800 SEEDS
robbowerl322,876119.3400000001,876119.3400 SEEDS
awakenpros54,32249.61,32249.6100 SEEDS
aereonecm144,13451.599999999999,13451.6000 SEEDS
maxbeaso1515,33683.15,33683.1500 SEEDS
walterfritha,1846333.05,1846333.0500 SEEDS
jacksorelle1,12323.39,12323.3900 SEEDS
romboxen1234,1055450.94,1055450.9400 SEEDS
inhabit4love,23924.56,23924.5600 SEEDS
mightygs1331,2614.8699999999994,2614.8700 SEEDS
dmitriyseeds,29677.989999999998,29677.9900 SEEDS
mitchj31v553,66777.73999999999,66777.7400 SEEDS
rozziesavage,517644.84,517644.8400 SEEDS
cryptonick33,1032153.3899999999,1032153.3900 SEEDS
esteesh12345,405571.86,405571.8600 SEEDS
minosdoros55,1448614.79,1448614.7900 SEEDS
stephenreid1,233971.25,233971.2500 SEEDS
lovefrequent,35497.21,35497.2100 SEEDS
thenorthstar,4281.56,4281.5600 SEEDS
growmackenze,1950.5,1950.5000 SEEDS
samdelesque1,524325.61,524325.6100 SEEDS
abundance111,1988.5100000000002,1988.5100 SEEDS
vincentsar31,9657.68,9657.6800 SEEDS
cobybabanicb,6413,6413.0000 SEEDS
oumniaabidi1,996.66,996.6600 SEEDS
f4b1vuk1seed,969617.0499999999,969617.0500 SEEDS
cawingraven1,4867.5,4867.5000 SEEDS
arizonaseeds,610.9399999999999,610.9400 SEEDS
gwsourcxk114,38630.49,38630.4900 SEEDS
theremotecub,560160.01,560160.0100 SEEDS
arnoruurn311,1941.2199999999998,1941.2200 SEEDS
lauralyseeds,21983.11,21983.1100 SEEDS
stefawooa331,86310.36,86310.3600 SEEDS
lolacoats144,41452.09,41452.0900 SEEDS
nicaseed2121,41485.22,41485.2200 SEEDS
albertoseeds,11629.570000000002,11629.5700 SEEDS
mikqucgqz435,41305.82,41305.8200 SEEDS
alinevanmoer,9821.41,9821.4100 SEEDS
biggabeseeds,299.82,299.8200 SEEDS
manueladobos,1935.3600000000001,1935.3600 SEEDS
vladrepede23,5040.7,5040.7000 SEEDS
alykzalex432,47966.270000000004,47966.2700 SEEDS
shalaeerin23,1922.0800000000002,1922.0800 SEEDS
vladbsuwf113,22472.550000000003,22472.5500 SEEDS
johanneskbel,1758.94,1758.9400 SEEDS
capriichan22,1933.38,1933.3800 SEEDS
lukskywalker,54000,54000.0000 SEEDS
fleuredevie5,812578.3099999999,812578.3100 SEEDS
marsxxxxxxxx,485.7099999999999,485.7100 SEEDS
apotheotrope,9995.130000000001,9995.1300 SEEDS
batmanmol222,2058.92,2058.9200 SEEDS
dimaapelbaum,1882499.37,1882499.3700 SEEDS
kennyroykeys,193.2,193.2000 SEEDS
smallking122,157.01,157.0100 SEEDS
funkyblais55,32276.47,32276.4700 SEEDS
piedpipernet,291,291.0000 SEEDS
jamesrins121,424.66999999999996,424.6700 SEEDS
erikthered21,5000.36,5000.3600 SEEDS
hedevndekker,3523.8500000000004,3523.8500 SEEDS
happyoxms122,32545.729999999996,32545.7300 SEEDS
lightwave1ch,106837.33000000002,106837.3300 SEEDS
melshapcott5,1198.02,1198.0200 SEEDS
basbwnams131,2796.62,2796.6200 SEEDS
clovechappys,193447.51,193447.5100 SEEDS
terrioxbh434,46265.63,46265.6300 SEEDS
kompassrose3,19325.26,19325.2600 SEEDS
utokendealer,7475.15,7475.1500 SEEDS
jarnoznlq241,44977.24,44977.2400 SEEDS
mrbadfish325,4704.73,4704.7300 SEEDS
odeqxavuc113,46146.82,46146.8200 SEEDS
gilbapblx225,9704.91,9704.9100 SEEDS
reikimaster2,4823.32,4823.3200 SEEDS
aionsigmainc,45347.29,45347.2900 SEEDS
nielsaltcoin,3901.47,3901.4700 SEEDS
lotusblossom,4789.84,4789.8400 SEEDS
kfoxdhlgl255,49327.6,49327.6000 SEEDS
colinlim3111,135093.26,135093.2600 SEEDS
seedsktoz314,22482.05,22482.0500 SEEDS
f3rxrlfni125,1920.45,1920.4500 SEEDS
phoenixseeds,49504.62,49504.6200 SEEDS
coyaayaseeds,49089.15,49089.1500 SEEDS
kuleziseeds1,136885.78,136885.7800 SEEDS
thankutma323,205249.32,205249.3200 SEEDS
christelos55,85500,85500.0000 SEEDS
simonbond351,10262.94,10262.9400 SEEDS
cjjuarwnz315,10607.4,10607.4000 SEEDS
zahraindigos,106443.17,106443.1700 SEEDS
iampriestess,51205.57,51205.5700 SEEDS
virtuousloop,4059.3,4059.3000 SEEDS
jackcantlon3,39866.2,39866.2000 SEEDS
syoyfssqi434,27615.480000000003,27615.4800 SEEDS
avanellib443,52642.11,52642.1100 SEEDS
betwixtseeds,34491,34491.0000 SEEDS
originalogos,99544.60999999999,99544.6100 SEEDS
sourcecode4l,34628.08,34628.0800 SEEDS
greensurge12,5393531.9399999995,5393531.9400 SEEDS
moniekaseeds,134365.99,134365.9900 SEEDS
oliverbranag,6612,6612.0000 SEEDS
joshfielding,1061828.87,1061828.8700 SEEDS
samuelgeall1,5820.29,5820.2900 SEEDS
joanmicabolg,1944.3000000000002,1944.3000 SEEDS
herewardb545,8151.000000000001,8151.0000 SEEDS
paulnuycd551,3484.23,3484.2300 SEEDS
ronandominic,13648.27,13648.2700 SEEDS
selfsimilar1,5693.66,5693.6600 SEEDS
thadeusseeds,17848.35,17848.3500 SEEDS
abundantlife,10020.75,10020.7500 SEEDS
montanath135,559614.01,559614.0100 SEEDS
arakemoon321,19250.64,19250.6400 SEEDS
frauschuster,2345.13,2345.1300 SEEDS
sevenflash42,13800,13800.0000 SEEDS
kayrzwoit514,239.07,239.0700 SEEDS
philippgr2ty,9679.48,9679.4800 SEEDS
geoffmcneely,9250.15,9250.1500 SEEDS
neonanewmoon,2019.6000000000001,2019.6000 SEEDS
philippajm14,135482.22,135482.2200 SEEDS
niknik115142,2014.5700000000002,2014.5700 SEEDS
annagjkzu442,2170.98,2170.9800 SEEDS
dylanmetta15,2438.2999999999997,2438.3000 SEEDS
ericwvzdg255,60497.090000000004,60497.0900 SEEDS
nomik22kimon,1248880,1248880.0000 SEEDS
resonancegrl,1953.5,1953.5000 SEEDS
sarahkalmeta,132568.93,132568.9300 SEEDS
alnaboodah41,60362.42,60362.4200 SEEDS
petefrazer44,444890.81000000006,444890.8100 SEEDS
mrroneneldar,9752.939999999999,9752.9400 SEEDS
mayedah12345,106949.16,106949.1600 SEEDS
axiom1111111,5390.79,5390.7900 SEEDS
mikeminnella,2385.5,2385.5000 SEEDS
nilsvonheijn,59673.9,59673.9000 SEEDS
hollyjasmine,2185.5,2185.5000 SEEDS
melkertellus,2131.86,2131.8600 SEEDS
josernitosjn,1955.44,1955.4400 SEEDS
datasailor33,1956.97,1956.9700 SEEDS
metamakerxio,4135.08,4135.0800 SEEDS
lucidsky1o44,2333.85,2333.8500 SEEDS
twopillarsre,7647.780000000001,7647.7800 SEEDS
andresaito11,4806.25,4806.2500 SEEDS
jsofarelli13,4837.660000000001,4837.6600 SEEDS
sashasherman,3614.5000000000005,3614.5000 SEEDS
astoryteller,981700,981700.0000 SEEDS
astridsseeds,9807.92,9807.9200 SEEDS
massensinijr,4837.14,4837.1400 SEEDS
michalzob325,1951.15,1951.1500 SEEDS
psihognjen34,2424.86,2424.8600 SEEDS
thaynaran322,2487.05,2487.0500 SEEDS
adrianwagner,16127.6,16127.6000 SEEDS
dani2hofmann,2855.73,2855.7300 SEEDS
sultankzy311,129647.41,129647.4100 SEEDS
alqassimi111,223104.98,223104.9800 SEEDS
biodelicbard,8781.75,8781.7500 SEEDS
han2es3ringo,6416,6416.0000 SEEDS
veraawesome1,3170.59,3170.5900 SEEDS
alnabouda111,53544.64000000001,53544.6400 SEEDS
imysteryman1,5237.76,5237.7600 SEEDS
maryslovakia,2028.08,2028.0800 SEEDS
othhlwvgq132,4007.5200000000004,4007.5200 SEEDS
brirzljkv424,3845.6400000000003,3845.6400 SEEDS
reuivylam123,11483.25,11483.2500 SEEDS
zakavery2424,6196.37,6196.3700 SEEDS
bibilapetite,2573.4100000000003,2573.4100 SEEDS
regenerjoz24,31834.09,31834.0900 SEEDS
nbjlzvgwc334,3825.3599999999997,3825.3600 SEEDS
naturalnic21,2860.2599999999998,2860.2600 SEEDS
goesvkodu251,64253.869999999995,64253.8700 SEEDS
raduancutaan,28316.519999999997,28316.5200 SEEDS
leilahobblan,8832.41,8832.4100 SEEDS
fuzzyhemp313,1959.2300000000002,1959.2300 SEEDS
imogenlouise,1951.4500000000003,1951.4500 SEEDS
frugalsystem,3834.05,3834.0500 SEEDS
anakinanakin,1989.79,1989.7900 SEEDS
mecherodsim2,1282.92,1282.9200 SEEDS
harriroseh11,2062.46,2062.4600 SEEDS
fungified113,25712.93,25712.9300 SEEDS
jacobenhagen,33189.61,33189.6100 SEEDS
piqssmxvy131,2594.04,2594.0400 SEEDS
gokuuotzc551,56345.799999999996,56345.8000 SEEDS
cathyseeds12,10610.849999999999,10610.8500 SEEDS
willcleverly,21785.6,21785.6000 SEEDS
jessbojessbo,2057.44,2057.4400 SEEDS
acascalheira,470708,470708.0000 SEEDS
daniellmh153,7594.589999999999,7594.5900 SEEDS
robyward1234,19174.47,19174.4700 SEEDS
pafuribennde,2613.17,2613.1700 SEEDS
iriscitizen1,5920.37,5920.3700 SEEDS
ecoangelgrou,1980.5800000000002,1980.5800 SEEDS
foxwizard444,8111.759999999999,8111.7600 SEEDS
melinavlt532,6054.849999999999,6054.8500 SEEDS
zenkacal4444,53488.61,53488.6100 SEEDS
annaglfrs145,3973.1099999999997,3973.1100 SEEDS
gruiutopit21,4868.8,4868.8000 SEEDS
localscaling,29700,29700.0000 SEEDS
lanajelenjev,4596.21,4596.2100 SEEDS
sanqacint355,6737,6737.0000 SEEDS
grafrmruy512,5998.4400000000005,5998.4400 SEEDS
sandamazunte,403.65000000000003,403.6500 SEEDS
vinesrtmn343,2175.3900000000003,2175.3900 SEEDS
aroninilaroy,2216.76,2216.7600 SEEDS
kolklpvxo234,4273.490000000001,4273.4900 SEEDS
thedevabides,8220.25,8220.2500 SEEDS
cassiuscarv1,1941.6799999999998,1941.6800 SEEDS
anastasiia21,4443.53,4443.5300 SEEDS
helixlyseeds,10104.900000000001,10104.9000 SEEDS
willythomas1,48662.15,48662.1500 SEEDS
maharanie342,2148.4100000000003,2148.4100 SEEDS
linekeheus55,2719.08,2719.0800 SEEDS
rbzsvkmy3455,26170.32,26170.3200 SEEDS
micheleseeds,3008.29,3008.2900 SEEDS
knoxnooxknox,8125.2,8125.2000 SEEDS
ravenswood32,7202.06,7202.0600 SEEDS
rgbadmbun445,6773.72,6773.7200 SEEDS
aliceypfq331,33619.600000000006,33619.6000 SEEDS
meertmppt153,4366.74,4366.7400 SEEDS
skywoodlouse,13706.94,13706.9400 SEEDS
jocpersonal1,1442.76,1442.7600 SEEDS
richardgeorg,68219.22,68219.2200 SEEDS
anonymousmax,687370.4800000001,687370.4800 SEEDS
izscqdabe511,1939.1100000000001,1939.1100 SEEDS
rohanmwillia,4811.26,4811.2600 SEEDS
niekgoqho122,4335.03,4335.0300 SEEDS
inthehabitat,5024.32,5024.3200 SEEDS
tekevlarkidd,9415.25,9415.2500 SEEDS
davibaciv412,1938,1938.0000 SEEDS
vifmxzwwx154,74143.72,74143.7200 SEEDS
jasmeenhana1,68239.83,68239.8300 SEEDS
seedspiyush2,220000,220000.0000 SEEDS
magiiluune11,6995.89,6995.8900 SEEDS
blockchain5d,136858.44,136858.4400 SEEDS
alekcnznn524,19244.19,19244.1900 SEEDS
sugarkmusica,247852.52000000002,247852.5200 SEEDS
needfireseed,7509.33,7509.3300 SEEDS
sizzlemmc241,69641.08,69641.0800 SEEDS
maysoqhyt455,6422.969999999999,6422.9700 SEEDS
liminalvilla,4512.429999999999,4512.4300 SEEDS
etherweaver1,4881.2300000000005,4881.2300 SEEDS
foxergames13,28738.95,28738.9500 SEEDS
nathenfitche,60747.99,60747.9900 SEEDS
lindipzcs352,1953.83,1953.8300 SEEDS
karindanza55,4810.62,4810.6200 SEEDS
nrhythmwlife,29427.440000000002,29427.4400 SEEDS
dannyford123,43928.67,43928.6700 SEEDS
joachimstroh,354000,354000.0000 SEEDS
alacritas333,4411.049999999999,4411.0500 SEEDS
indestrblion,11836.23,11836.2300 SEEDS
ruaiwusam521,15244.470000000001,15244.4700 SEEDS
rehumanizeus,7450.579999999999,7450.5800 SEEDS
copiosisi433,3715.24,3715.2400 SEEDS
jaywestseeds,15165.74,15165.7400 SEEDS
luigicarlini,200000,200000.0000 SEEDS
davidmtap343,2679.5,2679.5000 SEEDS
ela4kaak4ale,32372.659999999996,32372.6600 SEEDS
freeminister,85159.8,85159.8000 SEEDS
wingeqocn332,74798.35,74798.3500 SEEDS
aryabhattaaa,1570046.03,1570046.0300 SEEDS
solargaia541,493.26,493.2600 SEEDS
blackamberse,84430.3,84430.3000 SEEDS
jeremyagnew1,1932.45,1932.4500 SEEDS
greenthymios,29969.230000000003,29969.2300 SEEDS
ruiillyah455,3026.9300000000003,3026.9300 SEEDS
drguyhayward,9736.14,9736.1400 SEEDS
erikawagner1,9379.08,9379.0800 SEEDS
cmshovlin123,31245.420000000002,31245.4200 SEEDS
amisemillamo,77785.5,77785.5000 SEEDS
linkpeopleup,77785.5,77785.5000 SEEDS
tommiddleton,77832.96,77832.9600 SEEDS
apostolseeds,10679.279999999999,10679.2800 SEEDS
rainskyarel5,1940000,1940000.0000 SEEDS
naryanwongnw,155457.62000000002,155457.6200 SEEDS
lorenangel55,15324.71,15324.7100 SEEDS
ockxgriiu322,10136.7,10136.7000 SEEDS
feralithics5,29113.31,29113.3100 SEEDS
dayagardunha,68682.03,68682.0300 SEEDS
noahwong1111,1959.9599999999998,1959.9600 SEEDS
grow2manysee,1922.29,1922.2900 SEEDS
gronkaii4444,572.61,572.6100 SEEDS
laurelintree,2200.49,2200.4900 SEEDS
traderjoseph,6928.43,6928.4300 SEEDS
valoremseeds,17533.64,17533.6400 SEEDS
freibur5br31,8053.360000000001,8053.3600 SEEDS
fjoddefjodde,117600.3,117600.3000 SEEDS
jensofsweden,3735.51,3735.5100 SEEDS
marcwinnseed,5605481.63,5605481.6300 SEEDS
utejarlikowl,4720.18,4720.1800 SEEDS
brewdude3111,12959.3,12959.3000 SEEDS
ptolemais314,38940.5,38940.5000 SEEDS
zookey333555,3008.84,3008.8400 SEEDS
rwjharries21,82475.91,82475.9100 SEEDS
ayurvedadave,92331.04999999999,92331.0500 SEEDS
lawfornature,631725.61,631725.6100 SEEDS
carbontable2,4887.2,4887.2000 SEEDS
jhsartslovak,1923.44,1923.4400 SEEDS
headlessbend,1668.06,1668.0600 SEEDS
anschelseeds,991.38,991.3800 SEEDS
oscarlauterb,6364.8,6364.8000 SEEDS
swammyswans1,8048.71,8048.7100 SEEDS
tibetbterran,82495.53,82495.5300 SEEDS
ayilishseeds,17540.59,17540.5900 SEEDS
kjmcelrath54,1926.58,1926.5800 SEEDS
simonemoore1,3912.34,3912.3400 SEEDS
niklausfrey1,13425.84,13425.8400 SEEDS
xanderbos111,907.98,907.9800 SEEDS
vasylmarchuk,814280,814280.0000 SEEDS
plantifestos,494.19000000000005,494.1900 SEEDS
alinevuki315,13592.63,13592.6300 SEEDS
naynoo134231,4829.2,4829.2000 SEEDS
bmindfulluna,3482.68,3482.6800 SEEDS
harryncseeds,87784.56,87784.5600 SEEDS
cbcubuntu555,24193.39,24193.3900 SEEDS
belledemoise,1410200,1410200.0000 SEEDS
colinmxseeds,3552.22,3552.2200 SEEDS
jlovedfxjj33,9588,9588.0000 SEEDS
jaapfriseeds,3370.59,3370.5900 SEEDS
xtinacollins,19650,19650.0000 SEEDS
maxzflowfarm,360000,360000.0000 SEEDS
jmollering22,420.22,420.2200 SEEDS
kevwein13131,89393.42,89393.4200 SEEDS
willblakey11,9771.890000000001,9771.8900 SEEDS
equanimity11,5050.22,5050.2200 SEEDS
bushwacka123,39107.630000000005,39107.6300 SEEDS
bgnatlantean,20084.06,20084.0600 SEEDS
marshallstar,12536.029999999999,12536.0300 SEEDS
jakzgbowplur,28657.230000000003,28657.2300 SEEDS
lucasfmeyer1,19474.11,19474.1100 SEEDS
devapresence,5093.5,5093.5000 SEEDS
stephengomes,600000,600000.0000 SEEDS
rubnukawg121,4500.38,4500.3800 SEEDS
aronmoberg11,3768.05,3768.0500 SEEDS
myamy23vic42,106578.47,106578.4700 SEEDS
he1p1m1ost21,9653.119999999999,9653.1200 SEEDS
amitomuvn153,5745.16,5745.1600 SEEDS
maksgiordano,942.4799999999999,942.4800 SEEDS
wyllardtrees,97244.17,97244.1700 SEEDS
ugxxqvybh233,471900,471900.0000 SEEDS
freddnuck311,19978.52,19978.5200 SEEDS
blnxbrg11111,11452.630000000001,11452.6300 SEEDS
dweearthltda,39003.38,39003.3800 SEEDS
geschichten1,48561.130000000005,48561.1300 SEEDS
daansteller1,1946.6599999999999,1946.6600 SEEDS
julzflowfarm,782570.69,782570.6900 SEEDS
ebbermaneli1,27538.190000000002,27538.1900 SEEDS
lilsuprdngrs,1906.8799999999999,1906.8800 SEEDS
jasondoh1155,666416,666416.0000 SEEDS
zaykidimitri,10058.04,10058.0400 SEEDS
yogasampurna,42995.29,42995.2900 SEEDS
hagbard23232,1178.3400000000001,1178.3400 SEEDS
dakotakaiser,71903.20999999999,71903.2100 SEEDS
colecp154125,19741.68,19741.6800 SEEDS
aquafloraben,100089.3,100089.3000 SEEDS
keeganameade,75404.8,75404.8000 SEEDS
biodesicoins,5005.55,5005.5500 SEEDS
paulhynek132,98287.45,98287.4500 SEEDS
bwldjrkly211,10080.960000000001,10080.9600 SEEDS
permacultur4,8103.06,8103.0600 SEEDS
chrsseedsacc,4152.61,4152.6100 SEEDS
leonieherma1,173554,173554.0000 SEEDS
timelesslove,20805.48,20805.4800 SEEDS
anina4hedwig,83825.28,83825.2800 SEEDS
christineeee,95490.59999999999,95490.6000 SEEDS
docvonweeden,95490.65,95490.6500 SEEDS
lalagardens1,4805.06,4805.0600 SEEDS
edwardavis11,9276.98,9276.9800 SEEDS
nikolapelusa,104405.12000000001,104405.1200 SEEDS
joemcveen111,296229.32,296229.3200 SEEDS
kellykrezek1,113771.91,113771.9100 SEEDS
bradyheath33,9981.27,9981.2700 SEEDS
openmagicmfm,9977.039999999999,9977.0400 SEEDS
sst11111vrrr,4193.0199999999995,4193.0200 SEEDS
duppskoseeds,53193.67999999999,53193.6800 SEEDS
happygilmore,48330.590000000004,48330.5900 SEEDS
sirrendipity,35041.83,35041.8300 SEEDS
mightymighty,1221900,1221900.0000 SEEDS
lornalunitaa,1157.19,1157.1900 SEEDS
thelovewitch,1836346,1836346.0000 SEEDS
juliadiamond,15554.82,15554.8200 SEEDS
dankofischer,22685.51,22685.5100 SEEDS
olifrey52434,2234.59,2234.5900 SEEDS
kasabacommun,5004.21,5004.2100 SEEDS
blakerpausa1,2107.54,2107.5400 SEEDS
ivianaybynum,1992.67,1992.6700 SEEDS
symbioszv422,2525.6,2525.6000 SEEDS
decentralist,4138.53,4138.5300 SEEDS
tdn1kres2121,42981.670000000006,42981.6700 SEEDS
radnadwinn45,4606075.93,4606075.9300 SEEDS
marcmarcmarc,107616.81000000001,107616.8100 SEEDS
tengil112112,10710.54,10710.5400 SEEDS
ransdenostra,41606.59,41606.5900 SEEDS
lliambuckley,5318.55,5318.5500 SEEDS
philomatixcy,9026.300000000001,9026.3000 SEEDS
gilbraum353f,4362.32,4362.3200 SEEDS
csxmctpwa431,22196.7,22196.7000 SEEDS
buhosisusage,11124.15,11124.1500 SEEDS
alissonramoz,5602.6,5602.6000 SEEDS
paulinageers,4826.94,4826.9400 SEEDS
phillyg11222,5142.6900000000005,5142.6900 SEEDS
evgeiobrn243,236100,236100.0000 SEEDS
grahamboyd31,4593.28,4593.2800 SEEDS
matteotangi1,1574135,1574135.0000 SEEDS
neemanaeeman,69732,69732.0000 SEEDS
anneloes3313,220000,220000.0000 SEEDS
jaimeisseeds,10017.85,10017.8500 SEEDS
fierymason11,33647.69,33647.6900 SEEDS
ryanmtaylor2,2493.8300000000004,2493.8300 SEEDS
voxtonplants,4808.400000000001,4808.4000 SEEDS
mishariseeds,7811.67,7811.6700 SEEDS
mrsproutg523,19708.260000000002,19708.2600 SEEDS
michaelzueri,9650.17,9650.1700 SEEDS
ryanscott123,4859.1,4859.1000 SEEDS
freedomcell1,56031.57,56031.5700 SEEDS
grace44seeds,5988.320000000001,5988.3200 SEEDS
beinglarawsb,5461.45,5461.4500 SEEDS
hiloegtfv511,1977.35,1977.3500 SEEDS
veranature33,2494.1099999999997,2494.1100 SEEDS
stephend1111,9379796.49,9379796.4900 SEEDS
carabentiz55,7357.76,7357.7600 SEEDS
wbwse1444444,3538.6899999999996,3538.6900 SEEDS
bloomweb1111,2912.63,2912.6300 SEEDS
norinacosmos,48957.68,48957.6800 SEEDS
l33fruits33i,7362.46,7362.4600 SEEDS
wowo1o1seeds,7319.87,7319.8700 SEEDS
wonghausers1,122299.1,122299.1000 SEEDS
andresferran,510136.05000000005,510136.0500 SEEDS
dednisebell4,122632.09999999999,122632.1000 SEEDS
maithahseeds,24125.79,24125.7900 SEEDS
tanjaayeneji,5964.8,5964.8000 SEEDS
seeding1love,1250250,1250250.0000 SEEDS
peterpower23,24387.55,24387.5500 SEEDS
helenasaleon,2929.21,2929.2100 SEEDS
beatrixe4you,9766.86,9766.8600 SEEDS
niklasfruth1,4912.88,4912.8800 SEEDS
zoewalkstalk,9680.83,9680.8300 SEEDS
erasmosjlcol,6086.9,6086.9000 SEEDS
maitegrisard,10137.59,10137.5900 SEEDS
seelytap4451,10600.060000000001,10600.0600 SEEDS
michalkigule,2992.2000000000003,2992.2000 SEEDS
cominghome42,2412.15,2412.1500 SEEDS
permahunter1,1897.76,1897.7600 SEEDS
jepgambardel,7732.5599999999995,7732.5600 SEEDS
hernmtezt415,130498.52,130498.5200 SEEDS
martinaepple,434000,434000.0000 SEEDS
andytheseeds,40771.22,40771.2200 SEEDS
saintpatrick,100000,100000.0000 SEEDS
vokodaloko12,13089.529999999999,13089.5300 SEEDS
system4jakob,5259.259999999999,5259.2600 SEEDS
consfinder21,45430.600000000006,45430.6000 SEEDS
aleksandardj,886239.45,886239.4500 SEEDS
miennlino235,29729.979999999996,29729.9800 SEEDS
ruskinatoroo,1372.6699999999998,1372.6700 SEEDS
bastivjui441,24165.66,24165.6600 SEEDS
samuelnuesch,5486.5,5486.5000 SEEDS
explorerseed,651.1999999999999,651.2000 SEEDS
claudianonet,5888.02,5888.0200 SEEDS
weseeclearly,62486.13,62486.1300 SEEDS
jpgaiavisual,996.27,996.2700 SEEDS
danbromley11,12037.74,12037.7400 SEEDS
jonequantums,15176.28,15176.2800 SEEDS
nicolatalbot,2979.65,2979.6500 SEEDS
ashlovelux33,12341.58,12341.5800 SEEDS
sarahlouise5,2966.08,2966.0800 SEEDS
meredith2211,10969.62,10969.6200 SEEDS
bea123bbb333,3853.96,3853.9600 SEEDS
natashaglos1,2843.7000000000003,2843.7000 SEEDS
nathanbietz1,20316.78,20316.7800 SEEDS
laurabottin3,2957.8399999999997,2957.8400 SEEDS
anne52billen,6478.64,6478.6400 SEEDS
emilianvisib,5938.23,5938.2300 SEEDS
marcusgiles5,6475.950000000001,6475.9500 SEEDS
hbessothndr5,6731.47,6731.4700 SEEDS
poeticamente,10807.769999999999,10807.7700 SEEDS
vtnt45333abc,13596.8,13596.8000 SEEDS
pinkmoontea1,134803.33000000002,134803.3300 SEEDS
kokafanta111,2357.4,2357.4000 SEEDS
annalingseed,2986.5,2986.5000 SEEDS
mindzproe323,12018.300000000001,12018.3000 SEEDS
solofruitfly,2942.4900000000002,2942.4900 SEEDS
mikeycorsale,127455.73999999999,127455.7400 SEEDS
kbombgmbe421,6939.839999999999,6939.8400 SEEDS
bectomart1st,2975.1,2975.1000 SEEDS
kimbsonsp114,994.2399999999999,994.2400 SEEDS
hlidarendi11,6781.75,6781.7500 SEEDS
christgronv1,535692.65,535692.6500 SEEDS
qubeo1212121,2732.7000000000003,2732.7000 SEEDS
benzodiazeja,4519.14,4519.1400 SEEDS
zoelightstar,3884.8599999999997,3884.8600 SEEDS
sandralambor,6770.75,6770.7500 SEEDS
siioxkunto54,13979,13979.0000 SEEDS
jnfrombristo,65282.01,65282.0100 SEEDS
laurenarcher,1722.3600000000001,1722.3600 SEEDS
mycoflow4sho,13024.13,13024.1300 SEEDS
alexelamber1,247273.39,247273.3900 SEEDS
robderksb224,5604.36,5604.3600 SEEDS
hypericum535,3431.94,3431.9400 SEEDS
harsimar1234,100203.25,100203.2500 SEEDS
royxxo444333,2792.2999999999997,2792.3000 SEEDS
zetapeta1414,8226.51,8226.5100 SEEDS
danlawless11,2799.2000000000003,2799.2000 SEEDS
barthoorweg1,270690.33999999997,270690.3400 SEEDS
lami12122222,5553.38,5553.3800 SEEDS
shiniubmr142,114.19999999999999,114.2000 SEEDS
mrrabbeth333,5661.75,5661.7500 SEEDS
baggio111111,11381.279999999999,11381.2800 SEEDS
wanderingowl,4753.37,4753.3700 SEEDS
hamishcpk353,6956.16,6956.1600 SEEDS
itsericbrown,336875.12,336875.1200 SEEDS
ubuntuboetie,14454.19,14454.1900 SEEDS
jungleguru11,585,585.0000 SEEDS
gillianseeds,14599.67,14599.6700 SEEDS
heikenierman,372279.29000000004,372279.2900 SEEDS
leanyvarihid,5098.88,5098.8800 SEEDS
music4peacex,2967.45,2967.4500 SEEDS
paddyflower4,14513.749999999998,14513.7500 SEEDS
cryptoubiorg,25055.51,25055.5100 SEEDS
dealerjohn11,8595.390000000001,8595.3900 SEEDS
moranasoii44,96388.23,96388.2300 SEEDS
emstotelly21,3380.1800000000003,3380.1800 SEEDS
wayseerseeds,62900.189999999995,62900.1900 SEEDS
thewildn5522,2985.2599999999998,2985.2600 SEEDS
charliefishr,7188,7188.0000 SEEDS
terencesh4rp,3039.5499999999997,3039.5500 SEEDS
bqoqmmtnu323,6936.39,6936.3900 SEEDS
chuckseattle,244273.56,244273.5600 SEEDS
zorzgxaia551,3061.67,3061.6700 SEEDS
mikebrooman1,13748.539999999999,13748.5400 SEEDS
rafaelcalcad,2940.5,2940.5000 SEEDS
isabellab123,6899.4,6899.4000 SEEDS
ashregfin131,2925.1,2925.1000 SEEDS
basselsami55,6997.31,6997.3100 SEEDS
vfernandes42,1161.3200000000002,1161.3200 SEEDS
mashamashama,7510.75,7510.7500 SEEDS
lauraafeeney,2597.73,2597.7300 SEEDS
niclazniclaz,3408.66,3408.6600 SEEDS
martimloulou,5604.66,5604.6600 SEEDS
rachewouw335,6921.429999999999,6921.4300 SEEDS
santinomor35,2940.33,2940.3300 SEEDS
smoothwaves1,9868.67,9868.6700 SEEDS
nirvanmurre1,2809.4,2809.4000 SEEDS
thekarina333,9577.630000000001,9577.6300 SEEDS
valeriafacch,2936.38,2936.3800 SEEDS
joellaox4la2,7353.709999999999,7353.7100 SEEDS
layzpriprifw,2826.8999999999996,2826.9000 SEEDS
plantanium33,2822.85,2822.8500 SEEDS
joyouswhimzy,2400.5099999999998,2400.5100 SEEDS
kellydochy55,2971.33,2971.3300 SEEDS
ariellemac22,2951,2951.0000 SEEDS
nicoletta352,7165.11,7165.1100 SEEDS
oasis1forall,4830.63,4830.6300 SEEDS
froilainhae1,7112.19,7112.1900 SEEDS
professorplu,3000.7999999999997,3000.8000 SEEDS
sw51dertaken,2914.18,2914.1800 SEEDS
povicirmp543,28693.5,28693.5000 SEEDS
ifarmseeds21,2970.2200000000003,2970.2200 SEEDS
vcjzbtpgl451,149400.71,149400.7100 SEEDS
furkanenginf,2612.04,2612.0400 SEEDS
dstudioproto,101000,101000.0000 SEEDS
abhayrajnaik,2648.8,2648.8000 SEEDS
miamigliero3,2500.2,2500.2000 SEEDS
alanabloom21,9795.43,9795.4300 SEEDS
marcllopart1,2949.46,2949.4600 SEEDS
pleromaseeds,67196.92,67196.9200 SEEDS
dokterbob123,4506.72,4506.7200 SEEDS
seeds4susana,2929.05,2929.0500 SEEDS
lucklight333,141200.75,141200.7500 SEEDS
terravergine,61249.590000000004,61249.5900 SEEDS
mindawaken11,10282.859999999999,10282.8600 SEEDS
granterogers,13038.839999999998,13038.8400 SEEDS
medictations,24889.15,24889.1500 SEEDS
chuyobeerpls,1598.22,1598.2200 SEEDS
janbaykara44,14641.630000000001,14641.6300 SEEDS
adamplanting,4860.68,4860.6800 SEEDS
lightyear221,10565.93,10565.9300 SEEDS
ethannelson5,11889.449999999999,11889.4500 SEEDS
mushmushmush,42521.09,42521.0900 SEEDS
larukokgw141,6134.21,6134.2100 SEEDS
kanikitaloka,45747,45747.0000 SEEDS
tastysources,4747.3,4747.3000 SEEDS
evanpzozk544,9655.95,9655.9500 SEEDS
lesleygreen1,12501.23,12501.2300 SEEDS
elsdenbarrie,2923.22,2923.2200 SEEDS
wadalliance1,2317.7,2317.7000 SEEDS
nadimhamdan1,21046.31,21046.3100 SEEDS
jed1diahduyf,344786.33999999997,344786.3400 SEEDS
theollaps123,203246.56,203246.5600 SEEDS
richdecibels,100315.8,100315.8000 SEEDS
maincedregen,172218.73,172218.7300 SEEDS
julifoxseeds,87492.19,87492.1900 SEEDS
ideosheeps35,2426.96,2426.9600 SEEDS
lauch12lauch,1071.37,1071.3700 SEEDS
thelastcity2,9866.67,9866.6700 SEEDS
weisheitsein,3879,3879.0000 SEEDS
nicklaurence,722.94,722.9400 SEEDS
imyamannnsan,3505.9400000000005,3505.9400 SEEDS
lukexiv12345,5040.07,5040.0700 SEEDS
cameronstarr,18181.48,18181.4800 SEEDS
eleverett123,5415.35,5415.3500 SEEDS
stephaniemie,3289.4300000000003,3289.4300 SEEDS
plantingseed,13014.400000000001,13014.4000 SEEDS
a135squirrel,420.24,420.2400 SEEDS
josephine111,53407.2,53407.2000 SEEDS
danigorfest3,304000,304000.0000 SEEDS
cathk33seeds,193200,193200.0000 SEEDS
thisisntnora,19875.239999999998,19875.2400 SEEDS
gerard5ph321,22313,22313.0000 SEEDS
earthfjpy232,4688.360000000001,4688.3600 SEEDS
stayhumble54,50038.170000000006,50038.1700 SEEDS
joshmilligan,40748.75,40748.7500 SEEDS
faanch1134ac,40292.17,40292.1700 SEEDS
seedsaccount,2787.83,2787.8300 SEEDS
vincefhorn13,7523.2,7523.2000 SEEDS
brieuc123451,77323.59,77323.5900 SEEDS
crimsonarmor,10876.82,10876.8200 SEEDS
empeecrypto3,398760.91000000003,398760.9100 SEEDS
ehobbsbrown1,5039.15,5039.1500 SEEDS
bnicuxazz521,2914.16,2914.1600 SEEDS
saeedkhan111,11268.32,11268.3200 SEEDS
anyajanelove,10799.56,10799.5600 SEEDS
khashayar123,9684.72,9684.7200 SEEDS
utaannegretk,19296.489999999998,19296.4900 SEEDS
aramintabarb,15094.42,15094.4200 SEEDS
echoelements,2014.3799999999999,2014.3800 SEEDS
gabytaeli135,50416.85,50416.8500 SEEDS
seanjdelahay,41521.48,41521.4800 SEEDS
audwyncorvid,1365.46,1365.4600 SEEDS
natajuvbr125,358215,358215.0000 SEEDS
ririqrens415,6833.26,6833.2600 SEEDS
zoefrancesca,9766.16,9766.1600 SEEDS
heathernt253,2027.1100000000001,2027.1100 SEEDS
sienaraa3535,12004,12004.0000 SEEDS
emiloerumeng,153510.36,153510.3600 SEEDS
gguijarro123,65000,65000.0000 SEEDS
modn1cgrow2u,210,210.0000 SEEDS
luigipascual,20163.949999999997,20163.9500 SEEDS
buberryworld,1689.04,1689.0400 SEEDS
ninczxkmg531,155836.64,155836.6400 SEEDS
tiboheiseeds,77929.21,77929.2100 SEEDS
perspective5,90141.18999999999,90141.1900 SEEDS
wylwanjaferk,58111.34999999999,58111.3500 SEEDS
cedriczauggg,9999.7,9999.7000 SEEDS
carolinetay3,8085.54,8085.5400 SEEDS
goodgolfer33,437.96,437.9600 SEEDS
htmlgraphicx,4889.6900000000005,4889.6900 SEEDS
skyblueearth,7127.99,7127.9900 SEEDS
aforestwoman,2500.56,2500.5600 SEEDS
madamedelajo,27256.21,27256.2100 SEEDS
seedsbdcc553,4523.5199999999995,4523.5200 SEEDS
intothenow11,10183,10183.0000 SEEDS
mmeioptimist,26105.030000000002,26105.0300 SEEDS
victortheone,433.2,433.2000 SEEDS
francisco23r,1201.53,1201.5300 SEEDS
baironflores,19739.91,19739.9100 SEEDS
mannyxlhk442,23490.89,23490.8900 SEEDS
wunderwokshp,5071.43,5071.4300 SEEDS
consailscon1,1873.08,1873.0800 SEEDS
faustokaruan,1712.67,1712.6700 SEEDS
citoyenmonde,669630.25,669630.2500 SEEDS
pedroteux123,9868.990000000002,9868.9900 SEEDS
lukassieber1,9374.4,9374.4000 SEEDS
bjornerlings,4392.39,4392.3900 SEEDS
anahealingwo,100,100.0000 SEEDS
krystyna244e,986.98,986.9800 SEEDS
jan11hh12sex,11346.42,11346.4200 SEEDS
protozeusxav,2036.1999999999998,2036.2000 SEEDS
p45charm25ws,9671.47,9671.4700 SEEDS
michaelmatio,2060.3599999999997,2060.3600 SEEDS
gaiasapesyou,2060.41,2060.4100 SEEDS
amosseeds3r4,8863.75,8863.7500 SEEDS
econossolar1,4926.78,4926.7800 SEEDS
sowerclaudio,1709.39,1709.3900 SEEDS
rodrigoseeds,4888.2,4888.2000 SEEDS
abundancer33,33411.89,33411.8900 SEEDS
buraksan1453,2005.9,2005.9000 SEEDS
sriramkaa111,44299.380000000005,44299.3800 SEEDS
vinicius2355,1686.45,1686.4500 SEEDS
stevencordon,94891.35,94891.3500 SEEDS
christhompso,4990.92,4990.9200 SEEDS
blessingsbta,703.7,703.7000 SEEDS
gregisfields,3234.4,3234.4000 SEEDS
totohmshanti,9998.11,9998.1100 SEEDS
jacezurmely1,125912.87999999999,125912.8800 SEEDS
luisfercasti,1692.0100000000002,1692.0100 SEEDS
