9823419066,2022-03-20T05:59:25.500,dao.hypha,costak.hypha,2633.8,HYPHA,2633.80 HYPHA,,b6abf6a94466c393611df2e80080583a57ae0912748413fdd3a46f0a5c3b17e7,
9823293840,2022-03-19T20:07:23.500,buy.hypha,mindmonkey12,100.58,HYPHA,100.58 HYPHA,62eca43ea5fbc7a571315697588229212ca691e72b6a786e4da3d6c8dcdf68d2,041f7119effe8a241f953bb8a0abfcdac0f8d22ccd5db14bd5b6d9d39e7145c2,
9823146804,2022-03-19T08:55:20.500,dao.hypha,costak.hypha,3318.6,HYPHA,3318.60 HYPHA,,8348da0b75bd7bb033834e8ef49ae57ee0f4f43486fd362343fb4f1ec36c46d7,
9823143114,2022-03-19T08:37:58.000,buy.hypha,bigorna12345,1,HYPHA,1.00 HYPHA,6f6f54fce106df3db82e2f8c4adff98348b75b65a152563d49a9977f32c9fb5c,0e22cef5e6693baaa2495c7d08b64a70eab3da899c0f80c46328d43237cdeceb,
9823128724,2022-03-19T07:28:00.000,dao.hypha,costak.hypha,1896.32,HYPHA,1896.32 HYPHA,,0c823f2280feeed7a10fb27d69aeaa3d301676083e59cefe00ed5731d4be6d9b,
9823014881,2022-03-18T22:36:47.000,dao.hypha,costak.hypha,4850.24,HYPHA,4850.24 HYPHA,,50505febb3dc913442c3c4096b2b08675d841793888385c2d81bc14d59d8d8b8,
9823014826,2022-03-18T22:36:30.000,dao.hypha,costak.hypha,769.88,HYPHA,769.88 HYPHA,,8bbc94ab7c2ddf67b3abd94ee34b5d4c73ec23fa8a29425636b10b3fdefd8728,
9822973613,2022-03-18T19:05:54.000,dao.hypha,costak.hypha,421.4,HYPHA,421.40 HYPHA,,0cb483bff9774795c4f09bd28693d3f98250137c5b506b9407d18669a63dc95a,
9822973585,2022-03-18T19:05:49.000,dao.hypha,costak.hypha,421.4,HYPHA,421.40 HYPHA,,90e53ff0220c796ae4194d8cd0cb93823d55a93039d69030a7fbcd50dd21b3a1,
9822973556,2022-03-18T19:05:42.000,dao.hypha,costak.hypha,765.13,HYPHA,765.13 HYPHA,,7849368c86a3bd4e307abd07c46ecbe7ee6f4272a1ce274327818b8eec09ff91,
9822971071,2022-03-18T18:51:57.500,buy.hypha,leonieherma1,10,HYPHA,10.00 HYPHA,af0430e56c9e5820bb32528978c01eda99ba8b01d1e9409daf7a37fecddf29be,12a2148b58bec8343342f1469673587a85b1edd7c08e63bb54d23944975cb667,
9822952493,2022-03-18T17:23:10.000,dao.hypha,costak.hypha,364.68,HYPHA,364.68 HYPHA,,469b5d80c79442b5e54d661544c12d11e806c4bc8d5bebe79e161fefcc231b7e,
9822929494,2022-03-18T15:41:15.500,dao.hypha,costak.hypha,295.48,HYPHA,295.48 HYPHA,,cb338de2ba797352e11776f688486cda29f0f8da18c70eeeb39a5241c1f9bc19,
9822929348,2022-03-18T15:40:34.000,dao.hypha,costak.hypha,769.88,HYPHA,769.88 HYPHA,,a9448f33f093f1d399bf453177fec24b1eec328549c9f38e1f48522cd2c4f48b,
9822909794,2022-03-18T14:07:26.500,buy.hypha,markflowfarm,827.89,HYPHA,827.89 HYPHA,35fd2f377b0bb28e6286ee1772300f1f8015f692c9582530c2dc1b701b06826d,dffc2f424fbbba6fe2b3f160ef11a65843915facdb631684f003d9875ce18e95,
9822908771,2022-03-18T14:02:08.500,dao.hypha,costak.hypha,364.68,HYPHA,364.68 HYPHA,,91d631856afb1121b86ee2819b38645a480f06a9222df5d82428bc0588a702ce,
9822886024,2022-03-18T12:10:26.000,dao.hypha,costak.hypha,3318.6,HYPHA,3318.60 HYPHA,,1c686bc2b33a553e9510558fb20e87847c9ecec04d2d587816fa2765a4241d22,
9822856662,2022-03-18T09:45:33.000,dao.hypha,costak.hypha,893.46,HYPHA,893.46 HYPHA,,c0fdbba798eb2519dbab8a5afaf1441b79623eeef17c2acf80cb6840fd973344,
9822802388,2022-03-18T05:40:38.500,buy.hypha,illumination,0.99,HYPHA,0.99 HYPHA,2e1d3fd4d8868861d503c35d8d77672cc4f059ec1b32a9d17d2eb0d4a5df2403,e343434b07ea5afce16a4d80d550e2092e1a8a3fc285bbc0c939db596c7b25ea,
9822793059,2022-03-18T05:20:02.000,buy.hypha,illumination,0.5,HYPHA,0.50 HYPHA,6d9b147e315dd3f7637d8b79ee5ce578f9630ae5415bdd7e85010d81b5ad7404,221bdf507741d28e65d08017847e0f0719d42a3adf54950b437190533689a536,
9822768358,2022-03-18T03:38:28.000,dao.hypha,costak.hypha,1735.86,HYPHA,1735.86 HYPHA,,026d015fc0f5d4c80a4f270bf095c94afe3678accc74ad4fdfa868cce187b8a7,
9822747021,2022-03-18T01:41:46.000,dao.hypha,buy.hypha,900000,HYPHA,900000.00 HYPHA,,85f4ee2c824e0142fa1ed4eb94a8b7f21ceb5d0e09953ca8d6e5e286c172deae,
9822520539,2022-03-17T07:33:55.000,dao.hypha,costak.hypha,3318.6,HYPHA,3318.60 HYPHA,,084cdd462b1bb590a5205d7419c7294cdf0f37effb646e74ff3d97e6b5cba630,
9822119195,2022-03-16T02:06:42.000,dao.hypha,costak.hypha,1316.9,HYPHA,1316.90 HYPHA,,297f0e8597d737ce3ef28ec1f5c779de37d4be9c585b1472aad98bdcbd371119,
9821747871,2022-03-14T20:35:44.000,dao.hypha,costak.hypha,534.86,HYPHA,534.86 HYPHA,,9ef9a36f5087708b93550763412fd996ca4e8571e44981694eadb135019c6b24,
9821654777,2022-03-14T13:08:12.500,illumination,dangermouse1,0.1,HYPHA,0.10 HYPHA,,35f7935e16819df0906dda2cf99653e518384a15f7b739d165f78ebfd0f05613,
9821582819,2022-03-14T07:27:48.000,dao.hypha,costak.hypha,1539.76,HYPHA,1539.76 HYPHA,,31875e02ca056d1b5b35245b923381067044f7528d8d30329165a5de0fec024a,
9821582773,2022-03-14T07:27:33.500,dao.hypha,costak.hypha,1539.76,HYPHA,1539.76 HYPHA,,2b7b51c24a777e6f12034b27e428cea4df127d6eac719c89093e3e36bedf5e15,
9821582654,2022-03-14T07:26:50.500,dao.hypha,costak.hypha,1539.76,HYPHA,1539.76 HYPHA,,27b79604edfe5614cab091f905c8de5c9bcb2c00bbda85d43a7390905da39641,
9821582574,2022-03-14T07:26:24.000,dao.hypha,costak.hypha,769.88,HYPHA,769.88 HYPHA,,79eb0ec61b8d1a4a8a5172bdfd373d1ca3daabfa728605bc485974c9682acc4f,
9821478427,2022-03-13T23:28:41.000,dao.hypha,costak.hypha,5070,HYPHA,5070.00 HYPHA,,832e8bae618b0ff5298dd67651464625f5113c72d2c49ee0eeeec08fbcc8ed27,
9821433437,2022-03-13T19:55:08.000,dao.hypha,costak.hypha,1458.72,HYPHA,1458.72 HYPHA,,ac61c7fbbac0fd032f8c626c5388fe3e8b740cfc7dc8e9e7c45923e4aca48b95,
9821433416,2022-03-13T19:55:06.500,dao.hypha,costak.hypha,1458.72,HYPHA,1458.72 HYPHA,,0867b0bc51186440aa248c55da0d82a1928fecf84ef39129caf257098b3e0a48,
9821209422,2022-03-13T02:49:42.000,dao.hypha,costak.hypha,1474.92,HYPHA,1474.92 HYPHA,,62a630d3374fb86c9ecf3996ceed8360242d8f2921506b3df90a5e3605dc7fbc,
9821209392,2022-03-13T02:49:34.000,dao.hypha,costak.hypha,1685.63,HYPHA,1685.63 HYPHA,,5f0f18d6096f9d3eab161e0dade5bc00ef4c22d37bbfde3cc5b88bcd2350ceb3,
9821078340,2022-03-12T16:01:28.500,dao.hypha,costak.hypha,3039,HYPHA,3039.00 HYPHA,,6439857f25ef2dd2c422e236ddf989ea0ddae14b1ccb24ab7cd314d53c52ecfc,
9821015038,2022-03-12T10:58:31.000,dao.hypha,costak.hypha,3318.6,HYPHA,3318.60 HYPHA,,d38a513d23b689cbfa66745f58ba726258814e17110d0295b39243b69e616f86,
9820854118,2022-03-11T22:21:00.500,dao.hypha,costak.hypha,769.88,HYPHA,769.88 HYPHA,,0729b62d24f923317aef448619a1254667aab81f9bd8373a60c5713b3a3fa4ce,
9820806842,2022-03-11T18:33:43.500,dao.hypha,costak.hypha,769.88,HYPHA,769.88 HYPHA,,81e75494fd2bdc8244fa2891048574e89ae3bd3a5bfb6987a98198aaeaf048bd,
9820806821,2022-03-11T18:33:39.500,dao.hypha,costak.hypha,769.88,HYPHA,769.88 HYPHA,,5fb21da0185381d33ffc5c931ce91a6b8ca6e45a6b7538ebb58b38a5baaac2f4,
9820787998,2022-03-11T17:11:18.000,dao.hypha,costak.hypha,1337.16,HYPHA,1337.16 HYPHA,,2d379ab77d1a491f5ede0414d771cf46e004020b4892ff78776f2e3dda8d6a33,
9820739063,2022-03-11T13:17:36.000,dao.hypha,costak.hypha,769.88,HYPHA,769.88 HYPHA,,5f0abc8bac4ef32cb22b4a41f0b445e19296724b2dd7865b4593d597327ed734,
9820641426,2022-03-11T05:34:53.000,dao.hypha,costak.hypha,2633.8,HYPHA,2633.80 HYPHA,,f9005599a68e4e875c39eebea625902dc7d214b4a7d21b28d73879c778956ed9,
9820479178,2022-03-10T17:07:15.000,dao.hypha,costak.hypha,334.28,HYPHA,334.28 HYPHA,,1b9bc0f8d3b3d7ce5a5d70a9257648b06f61d4e82875c64c8da0c421823369d2,
9820468120,2022-03-10T16:16:14.500,dao.hypha,costak.hypha,893.46,HYPHA,893.46 HYPHA,,09b1f93444e0b261a3f4e9c9b8755f6e3823b6d2fdbeffbcd5d69767702e4a1e,
9820453179,2022-03-10T15:05:21.500,dao.hypha,costak.hypha,364.68,HYPHA,364.68 HYPHA,,c6bdc462c55b7061a8e492d45d93c871d0daf48ed9992d6922e9a0564b373305,
9820407205,2022-03-10T11:35:19.500,dao.hypha,costak.hypha,4850.24,HYPHA,4850.24 HYPHA,,f80ca44787506f2ca9dc4be0ae3970db77b5db92b3df56fd759c657ffdabc807,
9820407120,2022-03-10T11:34:57.000,dao.hypha,costak.hypha,769.88,HYPHA,769.88 HYPHA,,f6d2785a3f969a2ba4ca8df80b6d270a0112190944bae08ddf7873b664d28fb5,
9820398169,2022-03-10T10:56:40.500,dao.hypha,costak.hypha,3318.6,HYPHA,3318.60 HYPHA,,c4bad506dac8a0139faa3b249c72c50224b8ed88cb3e2bccfd1ad718153373e7,
9819917744,2022-03-08T23:18:34.000,dao.hypha,costak.hypha,1203.84,HYPHA,1203.84 HYPHA,,b1f326f070cefceb2e9932d02c10fedd33c095214581790498ed0f161732045e,
9819824619,2022-03-08T16:13:02.000,dao.hypha,costak.hypha,1685.63,HYPHA,1685.63 HYPHA,,a8a697b6bc5a0cf397be1f2423177c50f9edd3944495002b677cb0b7cd746dc5,
9819816726,2022-03-08T15:38:36.500,dao.hypha,costak.hypha,343.2,HYPHA,343.20 HYPHA,,252bff94001948eadcf3aa3ce08bfdb8aa43d0fcb544bb0fb992118ea535f572,
9819793722,2022-03-08T13:58:17.000,dao.hypha,costak.hypha,769.88,HYPHA,769.88 HYPHA,,142655185d63668352c262b6ab5b506fd796437cb4e407f5cb3f6f6dc1bdce8c,
9819793706,2022-03-08T13:58:15.500,dao.hypha,costak.hypha,769.88,HYPHA,769.88 HYPHA,,28f2588bbda15424d4befe32e0343754123f410e521fd236e8fc16e28af4331d,
9819793693,2022-03-08T13:58:14.000,dao.hypha,costak.hypha,769.88,HYPHA,769.88 HYPHA,,0f44f7aa211fb8c719eff36f55671803f79eff0533098aeb9f4791b12b1b3588,
9819793679,2022-03-08T13:58:12.500,dao.hypha,costak.hypha,769.88,HYPHA,769.88 HYPHA,,5ca79c6795c5d6c347ea9f63b80939d89be5f92a37d19a42000f5c6223d71a4a,
9819793664,2022-03-08T13:58:11.000,dao.hypha,costak.hypha,769.88,HYPHA,769.88 HYPHA,,6bf6a08e3ee3c9b95149c097d091265119820abd12afea66b8bc5635a13fddfb,
9819793649,2022-03-08T13:58:09.000,dao.hypha,costak.hypha,769.88,HYPHA,769.88 HYPHA,,b937037694d4bc4acc8da6fc58cd94de40c96fe67038b0b1e262da51dd0b3c46,
9819793636,2022-03-08T13:58:07.500,dao.hypha,costak.hypha,769.88,HYPHA,769.88 HYPHA,,083c63252a2f857e496d87c3d9013eaf8a58c9c79951fb1d68afee37e05800c6,
9819793620,2022-03-08T13:58:06.000,dao.hypha,costak.hypha,769.88,HYPHA,769.88 HYPHA,,ebc8655bdfac5825c23b8860fb21ba3e4b754ab7fa83813bb91284c0a3e74bb8,
9819610403,2022-03-08T01:49:04.000,dao.hypha,costak.hypha,867.92,HYPHA,867.92 HYPHA,,48ec7b184facbd253d64e8a05f29297b16a71269c71d5016c080133654e5bcd6,
9819610380,2022-03-08T01:49:02.000,dao.hypha,costak.hypha,867.92,HYPHA,867.92 HYPHA,,8ca1f3e71e59a8f88bc34b7c4d4e126f946a955ec51e5321686063f59ccf3689,
9819610352,2022-03-08T01:48:59.500,dao.hypha,costak.hypha,867.92,HYPHA,867.92 HYPHA,,1f548c52fb0743132f653bdc37416ad1e4cc64d83a2eb8470ca24667eb750830,
9819610333,2022-03-08T01:48:57.000,dao.hypha,costak.hypha,867.92,HYPHA,867.92 HYPHA,,b532bc998ec61fcee033dd26a243c8889447f073ae3794fa4ca0189415a638d5,
9819610312,2022-03-08T01:48:55.000,dao.hypha,costak.hypha,867.92,HYPHA,867.92 HYPHA,,92883b154d6f414f981c0e446ff832a9344ab07ae8a2bb9d88ecc49515a8e790,
9819610292,2022-03-08T01:48:53.000,dao.hypha,costak.hypha,867.92,HYPHA,867.92 HYPHA,,64d183ca87e8b712d7c45cf0907af3dd9809f859c687e979e7791f47c10f7400,
9819545018,2022-03-07T20:33:32.000,dao.hypha,costak.hypha,3318.6,HYPHA,3318.60 HYPHA,,17ba856878ffdf01792039112eb63b68579aca3c30142112741328b8bc934edd,
9819469346,2022-03-07T14:59:12.000,dao.hypha,costak.hypha,4901,HYPHA,4901.00 HYPHA,,287b567c60e826a9eeba826ccc4acdc6d9f45aa4e4b35fc71e834898fbe6896e,
9819266162,2022-03-06T23:54:43.500,dao.hypha,costak.hypha,1896.32,HYPHA,1896.32 HYPHA,,bc4dd5b8ee5163134d6101cc26790380032c539019b920e0374f81b6bb040a9a,
9819195339,2022-03-06T19:07:24.500,dao.hypha,costak.hypha,3318.6,HYPHA,3318.60 HYPHA,,1d49785c095ead39bbc5bc59b4f96710e27ae864b832b85f91d82fe667eab98c,
9819195318,2022-03-06T19:07:22.000,dao.hypha,costak.hypha,3318.6,HYPHA,3318.60 HYPHA,,89f1c87d18bd715c93c0ab41501b1261aad89b23a40dd99a9da890f52ca1b6af,
9819110565,2022-03-06T13:11:51.500,dao.hypha,costak.hypha,769.88,HYPHA,769.88 HYPHA,,d1581e9952cda4eb4bf70cf578f237d62696686925a471be5064363132050f28,
9818914349,2022-03-05T22:38:30.500,dao.hypha,costak.hypha,911.7,HYPHA,911.70 HYPHA,,c861a4b0f94653562ca3bc38ceda4d1ab05479ce764a8f69fbe35a0775e4d0be,
9818429548,2022-03-04T10:41:43.000,dao.hypha,costak.hypha,4850.24,HYPHA,4850.24 HYPHA,,6db3d6d68d2b4cc77e9a9622709817a7fe24da3698829501d178a345ab03976a,
9818429489,2022-03-04T10:41:25.000,dao.hypha,costak.hypha,769.88,HYPHA,769.88 HYPHA,,e22f71eaeed9dbd45da18ff565d487f62ab16085ab327d8bdaad78530efa95e9,
9818257131,2022-03-03T21:09:08.000,dao.hypha,costak.hypha,3039,HYPHA,3039.00 HYPHA,,187473291a372f9bf72d437de16361b2c53cd68f6c04452bc4c154a84c27586a,
9818213783,2022-03-03T17:47:27.000,dao.hypha,costak.hypha,1316.9,HYPHA,1316.90 HYPHA,,5bc42c102409731ef65bf455d2e31159243a4c6cafa42be354dda4bfd01133e6,
9818209552,2022-03-03T17:29:19.500,dao.hypha,costak.hypha,1475.01,HYPHA,1475.01 HYPHA,,7a0e1f06c64586d54fdc42903605b27eaa0224592e7d7919cf867d4cb21b0e05,
9818164255,2022-03-03T14:07:56.000,dao.hypha,costak.hypha,3318.6,HYPHA,3318.60 HYPHA,,533d3e9b3c06d45959b103dcd93a5d2661ab78802fecdbed39631ee015a85875,
9818100414,2022-03-03T09:09:30.500,dao.hypha,costak.hypha,1337.16,HYPHA,1337.16 HYPHA,,067c07d470c811c8cb911f47e8083aed619cbc5a3ab93ed9425cbc3672f053af,
9818079898,2022-03-03T07:29:41.000,dao.hypha,costak.hypha,652.42,HYPHA,652.42 HYPHA,,87a95692a386a1f54fa26d9a1e4f2de43cece88e5373d0b4602125cf95c23071,
9818079552,2022-03-03T07:28:02.000,dao.hypha,costak.hypha,2633.8,HYPHA,2633.80 HYPHA,,4e23f658735e228e81f978e21bca808e4200a67bfc7ad75ecd93aed89f1010e9,
9818013755,2022-03-03T03:08:01.000,dao.hypha,costak.hypha,364.68,HYPHA,364.68 HYPHA,,71b37ef702f63bcc059b1b157301964770ff6b5a289af760724d19129595e06d,
9817969368,2022-03-02T23:06:19.500,dao.hypha,costak.hypha,534.86,HYPHA,534.86 HYPHA,,6fe793fe1a98fa3d762b66905de356a2a736cbbd16c1eadefb10ccd70967518e,
9817902664,2022-03-02T18:04:32.000,dao.hypha,costak.hypha,893.46,HYPHA,893.46 HYPHA,,9893bc8a058145543757b736a165efb01ca3886ff37a02a123e706fbb77225cb,
9817623251,2022-03-01T21:05:56.000,dao.hypha,costak.hypha,1458.72,HYPHA,1458.72 HYPHA,,65b3cfbd662057c78610e41fca9b4872ec57e24027a2000fb5a7f0eb83afbadd,
9817623234,2022-03-01T21:05:55.000,dao.hypha,costak.hypha,1458.72,HYPHA,1458.72 HYPHA,,3998308c8fc83e1d6a6ebd53c5c39a3f9b96a006cae154c49f223ef0c119f2f5,
9817603016,2022-03-01T19:49:38.000,dao.hypha,costak.hypha,5543.13,HYPHA,5543.13 HYPHA,,7b230eedc6a4b3ca4de0932979ef563fa6c22dd60af01cc7189c8d7064c1b9e4,
9817602989,2022-03-01T19:49:33.500,dao.hypha,costak.hypha,769.88,HYPHA,769.88 HYPHA,,3c11fd5456017e478b385f73e2375e44add17a6cd7dd69f0b4e254deea0d66c9,
9817527427,2022-03-01T14:30:51.000,dao.hypha,costak.hypha,1000,HYPHA,1000.00 HYPHA,,570d8d0cb2cf2ec815b39fb10b51f79f11c364ea2c5654b3253656a7f0d24e1c,
9817194162,2022-02-28T15:10:00.000,dao.hypha,costak.hypha,3318.6,HYPHA,3318.60 HYPHA,,ac28fc9d68370d1f589ef8893f12789f715e322cf1c422e693a058d20b341c9b,
9817176351,2022-02-28T13:50:47.000,dao.hypha,costak.hypha,911.7,HYPHA,911.70 HYPHA,,00f197ddc21a82e0bb5f9e36dff6690f5b27c1d4424fde73c16069f6109455b0,
9816885247,2022-02-27T16:46:12.000,dao.hypha,costak.hypha,3039,HYPHA,3039.00 HYPHA,,c4ef99a40a2a54f10033aaaf4710645dfce52122ca1632a89026a1262047a550,
9816538752,2022-02-26T14:12:04.500,hyphax.seeds,stephend1111,3.64,HYPHA,3.64 HYPHA,convert,253969497aa6e46bb328c29d16036235ac2a777f030c73311e2c9dfa57f71b4b,
9816538629,2022-02-26T14:11:30.500,hyphax.seeds,stephend1111,3.67,HYPHA,3.67 HYPHA,convert,23077ab4777aac54b0efb30cfd97ac5d6aba289fbfb84d0859e3f53c98b0fb89,
9816538507,2022-02-26T14:10:56.000,hyphax.seeds,stephend1111,6.94,HYPHA,6.94 HYPHA,convert,47904751769ed80714fd565dca7a0746d46b4d309d5e35c066ea80e9da974f24,
9816499717,2022-02-26T11:21:48.500,dao.hypha,costak.hypha,1337.16,HYPHA,1337.16 HYPHA,,3862e7739ae4681ea26e9317e48a1983ef28d6f19785382379d8359f65f97d92,
9816265257,2022-02-25T19:02:42.500,swapx.seeds,hyphax.seeds,0.02,HYPHA,0.02 HYPHA,1,hyphax.seeds SEEDS,64.1886,gradinagruiu,6bed2a13c8920173e8e7a19ad54c91a6d94ac870dc16377e1f71816d08ad73d0,
9816265254,2022-02-25T19:02:42.500,gradinagruiu,swapx.seeds,0.02,HYPHA,0.02 HYPHA,1,hyphax.seeds SEEDS,64.1886,gradinagruiu,6bed2a13c8920173e8e7a19ad54c91a6d94ac870dc16377e1f71816d08ad73d0,
9816233912,2022-02-25T17:08:36.000,swapx.seeds,hyphax.seeds,0.99,HYPHA,0.99 HYPHA,1,hyphax.seeds SEEDS,3369.1926,jcroemer1111,c8b2ae84eb6823881807561a1e3ecc1e0f11778a0012677bce8a85d11fccb630,
9816233909,2022-02-25T17:08:36.000,jcroemer1111,swapx.seeds,0.99,HYPHA,0.99 HYPHA,1,hyphax.seeds SEEDS,3369.1926,jcroemer1111,c8b2ae84eb6823881807561a1e3ecc1e0f11778a0012677bce8a85d11fccb630,
9816206016,2022-02-25T15:09:48.000,dao.hypha,costak.hypha,1316.9,HYPHA,1316.90 HYPHA,,bf713cea27195c350166c326fe0e729a2a69287c573188717addd05caf5d9c06,
9816205993,2022-02-25T15:09:43.500,dao.hypha,costak.hypha,1316.9,HYPHA,1316.90 HYPHA,,c20c16b5b95c7febdeb04e8d10511bbc0a828139989e6a4d237222cdeaf00899,
9816146731,2022-02-25T10:57:55.500,dao.hypha,costak.hypha,1000,HYPHA,1000.00 HYPHA,,19f25525b105770f5b7cdbf5f8bec0fc6886876d5788ac9a2a9c89028362c61b,
9816140578,2022-02-25T10:29:34.000,dao.hypha,costak.hypha,3318.6,HYPHA,3318.60 HYPHA,,35689f6dc89de7ae16e4d21bac398b2dc9c856d02915bb0324d8cf2aeab4d58c,
9816006869,2022-02-25T01:24:45.500,dao.hypha,costak.hypha,534.86,HYPHA,534.86 HYPHA,,198c16d5a2da7957742ed3138f8aa1b5540387091994a1cca933e1010c19ab8c,
9815851718,2022-02-24T16:23:23.500,dao.hypha,costak.hypha,1896.32,HYPHA,1896.32 HYPHA,,6449483bcad3014ca6008d8a3cede42eb794ac50a2b2a0df55cdb5ec2f01a403,
9815801844,2022-02-24T13:45:13.000,dao.hypha,costak.hypha,4850.24,HYPHA,4850.24 HYPHA,,04ae8acdbcddf7e6a9a9326b5a057887b4d6251cee3e28a218162f39f87aef23,
9815801816,2022-02-24T13:45:07.000,dao.hypha,costak.hypha,769.88,HYPHA,769.88 HYPHA,,69f3e693f8112a7de18d5dc679a641147c5c5883410d1c72e0145cfe000fceb5,
9815754865,2022-02-24T10:49:42.000,dao.hypha,costak.hypha,1685.62,HYPHA,1685.62 HYPHA,,7cbd877c76670e204b042946b525a33a8459f7f9cf34df9bab70cca5b69f5918,
9815754823,2022-02-24T10:49:34.000,dao.hypha,costak.hypha,1685.62,HYPHA,1685.62 HYPHA,,586501e758a0a0e63456b77024b0d0511fcfc73743d5ccc93797c696567a1fa3,
9815745632,2022-02-24T10:08:48.000,dao.hypha,costak.hypha,656.28,HYPHA,656.28 HYPHA,,c44659c511711b277346681d8a9b515fe70a92665fcc76c5045b73cf34aea2cd,
9815741766,2022-02-24T09:50:12.500,dao.hypha,costak.hypha,893.46,HYPHA,893.46 HYPHA,,d2abe64a7317313defd23455d5508dd85460b9d890ebe212cf984f706b04b692,
9815618767,2022-02-24T02:20:39.500,swapx.seeds,hyphax.seeds,0.07,HYPHA,0.07 HYPHA,1,hyphax.seeds SEEDS,253.4599,markflowfarm,5418266847fd6a04493b276e9819da258365d32794cee52498521d2258998e7a,
9815618764,2022-02-24T02:20:39.500,markflowfarm,swapx.seeds,0.07,HYPHA,0.07 HYPHA,1,hyphax.seeds SEEDS,253.4599,markflowfarm,5418266847fd6a04493b276e9819da258365d32794cee52498521d2258998e7a,
9815618138,2022-02-24T02:17:49.000,dao.hypha,costak.hypha,200,HYPHA,200.00 HYPHA,,6e79c7f5297bef2832ac210e864fd44a6e7d5782260f28a0e1a8433832c7ea83,
9815616509,2022-02-24T02:09:43.500,dao.hypha,costak.hypha,769.88,HYPHA,769.88 HYPHA,,f02a5925614444ef09d6641e2e230332dd115b8e197c7504649e7d1578c62d70,
9815616479,2022-02-24T02:09:36.000,dao.hypha,costak.hypha,0.96,HYPHA,0.96 HYPHA,,3d0be6d045e9a023d34fe90c97976d9ae9af1bcc5ebb9058937e6401cb6465a6,
9815616328,2022-02-24T02:08:49.000,dao.hypha,costak.hypha,1,HYPHA,1.00 HYPHA,,be6d06ac9ce5d8a9ef38c2c25e883a25df53a5eace0a258b795b271cc41eaba8,
9815614050,2022-02-24T01:56:24.000,dao.hypha,costak.hypha,56,HYPHA,56.00 HYPHA,,6cf69a216f93b75b4e7cf4562c7cbded613bf4894efff72f6d277aa01362cb93,
9815613962,2022-02-24T01:56:00.000,dao.hypha,costak.hypha,1474.92,HYPHA,1474.92 HYPHA,,e61a56380ad6cc5c7f4d7824d8448e69c01c8a6a1913aebf868409f127a8f5dc,
9815613912,2022-02-24T01:55:47.500,dao.hypha,costak.hypha,1474.92,HYPHA,1474.92 HYPHA,,a4fa4bc3685ec6e948772a41e83591a85f6a5228e708ed06b77e174288480d4a,
9815610729,2022-02-24T01:38:30.000,dao.hypha,costak.hypha,2633.8,HYPHA,2633.80 HYPHA,,ba05a92a975f62baf09a3fcac13077ceac7cd811d76e9e9f1093a85aecdfa4fe,
9815597753,2022-02-24T00:25:36.000,dao.hypha,costak.hypha,364.68,HYPHA,364.68 HYPHA,,b83a359ff9204023ce1fe9a43e94e3235d6f2bb56c6bc3de28c35e86f90ab4ef,
9815596896,2022-02-24T00:20:51.000,dao.hypha,costak.hypha,2,HYPHA,2.00 HYPHA,,98827b5fda613272966d5de4f69989a31f53f949f7742b0fd176fbcfcc2c5e80,
9815295466,2022-02-23T02:05:52.500,dao.hypha,costak.hypha,5543.13,HYPHA,5543.13 HYPHA,,bde830347c9ce738bb664b1ac3f38d24c68b9b2a6ee1742301017a0bd289ac21,
9815295426,2022-02-23T02:05:45.500,dao.hypha,costak.hypha,5543.13,HYPHA,5543.13 HYPHA,,47077dd2cb69d69c1fa02d1bacebb2a600351d1ed05c558d8d264dc9abe501fd,
9815295395,2022-02-23T02:05:36.500,dao.hypha,costak.hypha,769.88,HYPHA,769.88 HYPHA,,c54a3392dab12f9f920aec67bb93ceed362b308ca346b6b0f2da6b0a95fc33f6,
9815295370,2022-02-23T02:05:30.500,dao.hypha,costak.hypha,769.88,HYPHA,769.88 HYPHA,,79567791c523f971e860e35712695a8d5b8bbf110067976d20ad3553d672a5e4,
9815187128,2022-02-22T17:50:18.000,dao.hypha,costak.hypha,911.7,HYPHA,911.70 HYPHA,,2d88437d785f99718f1d45824013f89344b65294152bcbce681075ccc8be6e4d,
9815038734,2022-02-22T06:53:16.500,hyphax.seeds,bigorna12345,0.1,HYPHA,0.10 HYPHA,convert,0af98ce730a49c2631bd39ae4e3efd6c96e7f1b36023e5576ad10d4599f693e8,
9814974404,2022-02-22T02:37:27.000,dao.hypha,costak.hypha,6928.92,HYPHA,6928.92 HYPHA,,96003e7d0c471fb5d49ff7088a952e6516ad111b8b73a355eeb639442c333c6f,
9814758677,2022-02-21T15:26:55.500,dao.hypha,costak.hypha,3039,HYPHA,3039.00 HYPHA,,8e7ab225e949dd8ccbab4910952e7eafb052ecac5b07d8fecd1ac6151e18a3a4,
9814758663,2022-02-21T15:26:54.000,dao.hypha,costak.hypha,3039,HYPHA,3039.00 HYPHA,,42abba011fcc8c1cc3c3a176e445c400f902d1bcfafd5628a2a0d1808179646f,
9814758647,2022-02-21T15:26:52.000,dao.hypha,costak.hypha,3039,HYPHA,3039.00 HYPHA,,1d121b31879a048f91592fc10a6471953869571bc6e63de4baf87a38b42effa8,
9814758634,2022-02-21T15:26:50.500,dao.hypha,costak.hypha,3039,HYPHA,3039.00 HYPHA,,7dd748e1aab4c146ff40508d18bd8b3d25c6ba9947380279233fb398b07d5d7c,
9814748404,2022-02-21T15:18:21.500,dao.hypha,costak.hypha,769.88,HYPHA,769.88 HYPHA,,cb4e940df16e63c750b790efafade4f61e1a3123229876c1699d93da3a130433,
9814748322,2022-02-21T15:18:00.500,dao.hypha,costak.hypha,769.88,HYPHA,769.88 HYPHA,,0245b4f25605ab5b678bdfe2213567e6fe4097fa09f2f6bf71b636d56b8ea273,
9814748288,2022-02-21T15:17:51.500,dao.hypha,costak.hypha,769.88,HYPHA,769.88 HYPHA,,7bbea7dfef3270e190c023d4213e6e3f556aeefc3ac99f92879ee155d05fb6fc,
9814748256,2022-02-21T15:17:44.000,dao.hypha,costak.hypha,769.88,HYPHA,769.88 HYPHA,,11024f56c46154998bea607a8a10df0c2586947f024aa6aa2bc6e85d825cd61f,
9814748228,2022-02-21T15:17:38.000,dao.hypha,costak.hypha,769.88,HYPHA,769.88 HYPHA,,0535e66c21d2791916d2a1b56d095e04f209b1fbd3de90c8f6ffa8bc2993d901,
9814748203,2022-02-21T15:17:31.500,dao.hypha,costak.hypha,769.88,HYPHA,769.88 HYPHA,,4140ed15785a3bd2314dbd294689ebac7047b4aac757cd6b358356bd993ff606,
9814748167,2022-02-21T15:17:24.000,dao.hypha,costak.hypha,769.88,HYPHA,769.88 HYPHA,,f492cff3bf4f34bacb4e785705473e06dbf5365b07cb4d24a1371050aa430204,
9814748081,2022-02-21T15:17:12.500,dao.hypha,costak.hypha,769.88,HYPHA,769.88 HYPHA,,b4a7425d9bcc935c6d580d491e0e3908b638e20af0512c5e7ef5ed3f3c91044d,
9814748045,2022-02-21T15:17:04.500,dao.hypha,costak.hypha,769.88,HYPHA,769.88 HYPHA,,b85a52b42332e1b7361f87fa99eedca837435819544182dc8baf940e551fd097,
9814748011,2022-02-21T15:16:58.500,dao.hypha,costak.hypha,769.88,HYPHA,769.88 HYPHA,,8436bc5f653d24b60be82d3aa7edfd6a4bbcf51b7f1f4c65bf696fd9d908abd9,
9814747984,2022-02-21T15:16:51.500,dao.hypha,costak.hypha,769.88,HYPHA,769.88 HYPHA,,f28417083bf37085bc44898860ac06ac66bdb13a5fccb572c8a4597d6aaa8a73,
9814523049,2022-02-21T08:13:26.000,dao.hypha,costak.hypha,769.88,HYPHA,769.88 HYPHA,,a8a5bf64dcc3634c695edbdad88799b8f6a5dd306420f2f8bc9ea20fdcbd6e5a,
9814523020,2022-02-21T08:13:20.500,dao.hypha,costak.hypha,4850.24,HYPHA,4850.24 HYPHA,,d465193d98d85141a359957a184b654512031bcf807e3cd8abdba88515d542e4,
9814517811,2022-02-21T07:47:13.000,dao.hypha,costak.hypha,3318.6,HYPHA,3318.60 HYPHA,,a65ed1cb334c6f96c5e660bc1145ba8991849cc89b1fcfb795bfbb0710426fa1,
9814265590,2022-02-20T13:52:17.500,dao.hypha,costak.hypha,893.46,HYPHA,893.46 HYPHA,,a55a3eae564978280adf8b8cb8506ef1835de31cf5796e21039a8ff45e8ac892,
9814139798,2022-02-20T04:46:01.500,swapx.seeds,hyphax.seeds,1.5,HYPHA,1.50 HYPHA,1,hyphax.seeds HYPHAR,0.0000,blockchain5d,ed6ca2cf873b96345140c925c669b39e557895bd0c242c9031bef899fdcbf462,
9814139795,2022-02-20T04:46:01.500,blockchain5d,swapx.seeds,1.5,HYPHA,1.50 HYPHA,1,hyphax.seeds HYPHAR,0.0000,blockchain5d,ed6ca2cf873b96345140c925c669b39e557895bd0c242c9031bef899fdcbf462,
9814139414,2022-02-20T04:43:34.000,hyphax.seeds,blockchain5d,0.54,HYPHA,0.54 HYPHA,convert,a3a01e8e34a97a64867ddcf556f2ed3a473b6c6ce8fa3a80ff026f161b655703,
9814139285,2022-02-20T04:42:52.000,hyphax.seeds,blockchain5d,0.57,HYPHA,0.57 HYPHA,convert,d5626d178a182f8bb0a7deeb4b6024c65c1fe163af7008386e9e9c91c70adf25,
9814139145,2022-02-20T04:42:05.500,hyphax.seeds,blockchain5d,0.63,HYPHA,0.63 HYPHA,convert,f4f5c003de4c855300ef524a0579771621a725a8660d395d8e04677626990441,
9814139045,2022-02-20T04:41:34.500,hyphax.seeds,blockchain5d,0.33,HYPHA,0.33 HYPHA,convert,a517992cb7a64244666903bd6be1a707a8fb752ee1083dbf295ae265ddfa2ff5,
9814138875,2022-02-20T04:41:10.500,hyphax.seeds,blockchain5d,0.34,HYPHA,0.34 HYPHA,convert,796c436430e02653ed5a08f1a3cfa5960ab5d5a345be801249a29fc1cf85c272,
9814138779,2022-02-20T04:40:44.500,hyphax.seeds,blockchain5d,0.36,HYPHA,0.36 HYPHA,convert,5d053b89548d4491526bdfbb1cf31395c8990b7764683e422236f0e3ff779ef1,
9814138651,2022-02-20T04:40:03.500,hyphax.seeds,blockchain5d,0.37,HYPHA,0.37 HYPHA,convert,8da726707845f694bc194d248e5b32e1f87fdcc51c8a992be9fbbd2da40f422e,
9813954120,2022-02-19T14:02:07.500,dao.hypha,costak.hypha,769.88,HYPHA,769.88 HYPHA,,36bcb41136f15865a2415b22140546e26022a2c0d3c08ac60fe50e29c6c2057d,
9813818232,2022-02-19T04:22:45.500,dao.hypha,costak.hypha,769.88,HYPHA,769.88 HYPHA,,42bdaf9df6b4a34a9e329b7a1d0748619b17c328d87a91dad9abad616b649fc0,
9813818175,2022-02-19T04:22:29.000,dao.hypha,costak.hypha,2887.04,HYPHA,2887.04 HYPHA,,7460a9b1574b7ce86802bff06f225235ad5fbfc029f14e8d6bc774668484564b,
9813818146,2022-02-19T04:22:23.000,dao.hypha,costak.hypha,1154.82,HYPHA,1154.82 HYPHA,,7e7939359e893904287e559308de56e7d5b27b738f7ded4b35c82c421249490d,
9813818117,2022-02-19T04:22:16.500,dao.hypha,costak.hypha,1154.82,HYPHA,1154.82 HYPHA,,2092255c1e03910f291d719678f02ad604397ead6a038739ff613da75491728d,
9813574433,2022-02-18T09:15:07.000,dao.hypha,costak.hypha,3318.6,HYPHA,3318.60 HYPHA,,f58b03091617f3166095b20b3c46073d7c4f9720c2f2b179cc8fee578f8f283f,
9813444933,2022-02-18T00:10:36.000,dao.hypha,costak.hypha,1475.06,HYPHA,1475.06 HYPHA,,aa1ce83474cade90856efb8d4ac4dbb2aaac0f2745cd0eaa663adb30416f5fb9,
9813444803,2022-02-18T00:10:00.000,dao.hypha,costak.hypha,1474.99,HYPHA,1474.99 HYPHA,,c08d883eba8bfee731b6e26d4841f99aa6733329d117d9591769fe02be65108c,
9813203286,2022-02-17T06:28:48.500,dao.hypha,costak.hypha,949.14,HYPHA,949.14 HYPHA,,de72c52b462d5f9cd043b6008c71a50f20c9a1ec73bb047d3d522e93a6c4c321,
9813133022,2022-02-17T01:34:12.000,dao.hypha,costak.hypha,2633.8,HYPHA,2633.80 HYPHA,,378f3f4bc76465b0b1c643aac87f9d4d7b3cbe289d4fa271d9766fbc7c99b25f,
9813123021,2022-02-17T00:39:43.000,dao.hypha,costak.hypha,534.86,HYPHA,534.86 HYPHA,,64c956aab4e5c4499c5c1c8227c44511268eb7dd1f5d9f5d55c66bf1d0b2d704,
9813114819,2022-02-16T23:55:19.000,dao.hypha,costak.hypha,1896.32,HYPHA,1896.32 HYPHA,,1d7c83aa91134ec9cacf3cfc4949aa15b7e8e0c9505a127134a74445955e330a,
9813063282,2022-02-16T20:10:43.500,dao.hypha,costak.hypha,364.68,HYPHA,364.68 HYPHA,,d25ce6d227a2d66056f6361d1ee2bf88e50453517a570bf381b1aa162b3ef67f,
9813037332,2022-02-16T18:26:21.500,dao.hypha,costak.hypha,1337.16,HYPHA,1337.16 HYPHA,,6b6690ade520fcd0a3c46ffcba1c7239967253c67287b5a31662531ffc837809,
9813034393,2022-02-16T18:13:30.000,dao.hypha,costak.hypha,3318.6,HYPHA,3318.60 HYPHA,,90b5a4db83d90d4d827f1786b88d6df361a686fa0ca458b077f7971bf1c5b3b2,
9812829064,2022-02-16T03:22:47.000,dao.hypha,costak.hypha,769.88,HYPHA,769.88 HYPHA,,ea0461639cae418e82d74aa88478879cafe8b74dc63a548ab449014a9398285c,
9812670087,2022-02-15T14:49:33.000,dao.hypha,costak.hypha,8509.24,HYPHA,8509.24 HYPHA,,f57898f0e75c793c24f8b088c16961f0e7803dc18dd5e7a8410c4663c71e2184,
9812642338,2022-02-15T12:40:04.500,hyphax.seeds,bigorna12345,0.07,HYPHA,0.07 HYPHA,convert,1cd8dcdb1ba3117b341f454a6a5f21ec5d0d411dfdcb10ed6e4989d9633885d2,
9812573975,2022-02-15T07:38:42.000,dao.hypha,costak.hypha,1458.72,HYPHA,1458.72 HYPHA,,1b6dbd0c67b7546016fe5d9850f400ade9eefd8f3b0b691f5e36fc43695168a4,
9812573961,2022-02-15T07:38:42.000,dao.hypha,costak.hypha,1458.72,HYPHA,1458.72 HYPHA,,0964e44ed761bf3713cf1b26e328916baf7af6166b257e28570fab9b11dca336,
9812439795,2022-02-14T20:55:58.500,dao.hypha,costak.hypha,911.7,HYPHA,911.70 HYPHA,,1482f769c8818f7dc32040c049910521a28acfde45fd313715aee49849bfcb56,
9812348699,2022-02-14T14:25:43.500,dao.hypha,costak.hypha,1474.92,HYPHA,1474.92 HYPHA,,5ff9b8da96ea8e8ec29e343b5bb6968db13615851d17ce0ad866b5855d45edef,
9812348672,2022-02-14T14:25:39.000,dao.hypha,costak.hypha,1474.92,HYPHA,1474.92 HYPHA,,dc91e79a3e5e45d2004bb65b4de9a3a3782cba105127f99c98610c5b021ef9db,
9812327301,2022-02-14T12:49:48.000,dao.hypha,costak.hypha,3318.6,HYPHA,3318.60 HYPHA,,f8ea01afebc41cb08e724c6bc304ac75c11edc75455970d86d3add6f3f02b74a,
9812198634,2022-02-14T03:01:19.500,dao.hypha,costak.hypha,1316.9,HYPHA,1316.90 HYPHA,,96645d2d2b80808512b019df1e15d13f3ed708edfc6a63bfa85e798b4b87eeb9,
9812198617,2022-02-14T03:01:18.000,dao.hypha,costak.hypha,1316.9,HYPHA,1316.90 HYPHA,,f118b631499e440a350179db2b5c58bbc31d2f01696f67ae2dd470cc5e3027a4,
9811576902,2022-02-12T01:17:19.500,swapx.seeds,hyphax.seeds,0.99,HYPHA,0.99 HYPHA,1,hyphax.seeds HYPHAR,0.0000,stephend1111,6d512f99ceca34fb65f5821a2b26505cab51a987082e65a21a6dbc857247417a,
9811576899,2022-02-12T01:17:19.500,stephend1111,swapx.seeds,0.99,HYPHA,0.99 HYPHA,1,hyphax.seeds HYPHAR,0.0000,stephend1111,6d512f99ceca34fb65f5821a2b26505cab51a987082e65a21a6dbc857247417a,
9811576732,2022-02-12T01:16:43.000,hyphax.seeds,stephend1111,0.99,HYPHA,0.99 HYPHA,convert,0e2c0014f6d560582db9eff1aabbfb2956e08bbba3bbd8cafba578f0dd6d712d,
9811575898,2022-02-12T01:12:09.500,swapx.seeds,hyphax.seeds,15.4,HYPHA,15.40 HYPHA,1,hyphax.seeds HYPHAR,0.0000,stephend1111,116c1f380ca8a8a46e6938ee8accf19b3d2860f83b5d2071ada03664f78bb0ea,
9811575895,2022-02-12T01:12:09.500,stephend1111,swapx.seeds,15.4,HYPHA,15.40 HYPHA,1,hyphax.seeds HYPHAR,0.0000,stephend1111,116c1f380ca8a8a46e6938ee8accf19b3d2860f83b5d2071ada03664f78bb0ea,
9811145865,2022-02-10T20:31:03.000,dao.hypha,costak.hypha,534.86,HYPHA,534.86 HYPHA,,d23f673c78db90ab57efad334ba41827edfaa66e204d93e6a2bd277604d63093,
9811145819,2022-02-10T20:30:54.500,dao.hypha,costak.hypha,534.86,HYPHA,534.86 HYPHA,,a4f7efae7853e86796c1ea3443d71f0af86d840611f8ed1df9022fe39a4c3e30,
9811068832,2022-02-10T14:42:54.000,dao.hypha,illumination,2,HYPHA,2.00 HYPHA,Buy HYPHA for 1.00 HUSD,96f0f0c508b1ff203f84da09c48d54f35835628210e213f4cbe4e22fb461e12f,
9810924229,2022-02-10T04:00:56.500,dao.hypha,costak.hypha,2633.8,HYPHA,2633.80 HYPHA,,af927403f6b0115ce23c49f9a7a341ef78f6374a871797053a075c0417ef3515,
9810792843,2022-02-09T16:57:30.000,dao.hypha,costak.hypha,769.88,HYPHA,769.88 HYPHA,,7b3b5ffa0ff8ff412ca1195dbab2e5379823a928e4cf941cfa6b2c636d5180a8,
9810743138,2022-02-09T13:15:26.500,dao.hypha,costak.hypha,6928.92,HYPHA,6928.92 HYPHA,,9e8d3306918430f158e6e2f07e28ccbe97d7532aefe09269a9793c5977af3edd,
9810743087,2022-02-09T13:15:12.000,dao.hypha,costak.hypha,769.88,HYPHA,769.88 HYPHA,,163774243a345ea3e017b27b70495b1dee9f90401385e301dd8077e4f3c83cdd,
9810695332,2022-02-09T09:38:15.000,dao.hypha,costak.hypha,3318.6,HYPHA,3318.60 HYPHA,,eac1a7db80b08708ede98fbe7d58ce55e979c37a8902cf305c626e5f1bb12a90,
9810627723,2022-02-09T04:47:24.500,dao.hypha,costak.hypha,1337.16,HYPHA,1337.16 HYPHA,,20d296a2557e22df0e4b00d9d5e42f7a32e1a9bb559aba57fdbb7532952dc43e,
9810602280,2022-02-09T02:32:06.000,dao.hypha,costak.hypha,3318.6,HYPHA,3318.60 HYPHA,,ddcc1d1a4c7fc78a77ac357d56fd971886c23d280d2c94e5a49e51355e3658f5,
9810560123,2022-02-08T23:06:40.000,dao.hypha,costak.hypha,1896.32,HYPHA,1896.32 HYPHA,,f5a8a9a43b6837b7c787d2ed120d201670b5e51d094d4dc85d29e1b5b14c48fb,
9810513428,2022-02-08T19:09:43.500,dao.hypha,costak.hypha,364.68,HYPHA,364.68 HYPHA,,67f7eb6b6f5da5bad3019f0a4480efb560db2367cc2c3fbdf3c73dfd4e0e39f3,
9810497086,2022-02-08T17:50:12.000,dao.hypha,costak.hypha,1685.62,HYPHA,1685.62 HYPHA,,64bb4a4ea1d3e4ceaa3f8edb90c0bd7c5b93d5c0c1c3d4c2bc7c3567ba9b8cbf,
9810476206,2022-02-08T16:10:50.500,dao.hypha,costak.hypha,4850.24,HYPHA,4850.24 HYPHA,,dd7dc0634992d55be274b94b56f66f3660db5705e185b9bb112f4278da64024e,
9810476156,2022-02-08T16:10:39.500,dao.hypha,costak.hypha,4850.24,HYPHA,4850.24 HYPHA,,7c0585e0ed05538ded7a1fecc40f083ec927a28fe2497c97781c6432fa948324,
9810476097,2022-02-08T16:10:19.500,dao.hypha,costak.hypha,769.88,HYPHA,769.88 HYPHA,,5cb71c537549f5d857767275228667d68f3d0907380ca3bd23761236ae4f6f1b,
9810476002,2022-02-08T16:09:53.500,dao.hypha,costak.hypha,769.88,HYPHA,769.88 HYPHA,,320f45703ff801dba8232e9617964aa3ad79c12c1ebca381800e7af954f1a1cc,
9810455435,2022-02-08T14:28:30.000,dao.hypha,costak.hypha,769.88,HYPHA,769.88 HYPHA,,7cefc43e111464225147a65c0e19fcde3155bbff6d4c8c003e1c591170563e2e,
9810455407,2022-02-08T14:28:24.500,dao.hypha,costak.hypha,769.88,HYPHA,769.88 HYPHA,,d15a9e9844cb648c6821bc7c46f61839502f112f38b87bd5f58532c687bcf5f3,
9810455370,2022-02-08T14:28:16.000,dao.hypha,costak.hypha,1154.82,HYPHA,1154.82 HYPHA,,3fe99897109f1e5d55cc150b59522f47bd12bb1b556c04114b547d81ddfee4f7,
9810455277,2022-02-08T14:27:51.500,dao.hypha,costak.hypha,1154.82,HYPHA,1154.82 HYPHA,,93c0710641399c6599b7ccbf517e84a9f713d0f2b08929726340683712ec57b6,
9810455242,2022-02-08T14:27:44.500,dao.hypha,costak.hypha,1154.82,HYPHA,1154.82 HYPHA,,f99db7b7eebaf8f020a0774dfde907e913e63f149f595f8f2b8e8399107b9950,
9810455217,2022-02-08T14:27:39.500,dao.hypha,costak.hypha,1154.82,HYPHA,1154.82 HYPHA,,d8a4351eacfc5d5e485c7334c6915a077e309d28793815929b2fa906935a9348,
9810455121,2022-02-08T14:27:15.500,dao.hypha,costak.hypha,2887.04,HYPHA,2887.04 HYPHA,,0158cd5b52b8b8502c9a78bdc21346d6a4248e923f444b48bfd1c457ca228ccc,
9810455080,2022-02-08T14:27:07.000,dao.hypha,costak.hypha,2887.04,HYPHA,2887.04 HYPHA,,892272891881307fe57cc29aa6cfde8fac863401f776e61df8cab485a069feed,
9810452131,2022-02-08T14:13:11.500,dao.hypha,costak.hypha,941.18,HYPHA,941.18 HYPHA,,beaf70a5cb29e764bce18539d6ac8e8bc756ad603b6da6d8c409eb0d698758f6,
9810450838,2022-02-08T14:07:06.500,dao.hypha,costak.hypha,893.46,HYPHA,893.46 HYPHA,,24c6233c8515912402804b90a97314c7ac1f416c045babbf727d3e34c995b03d,
9810305088,2022-02-08T03:30:54.000,dao.hypha,costak.hypha,5460,HYPHA,5460.00 HYPHA,,2f66f23deda3169ed1954897f29373eab0126b69e1a26b3e48215cc8b7ffa629,
9810206582,2022-02-07T19:17:03.500,hyphax.seeds,nadimhamdan1,1.44,HYPHA,1.44 HYPHA,convert,fc787e9603cf9fa075383015a94cf166233346168bff69a8708817b80280d520,
9810206495,2022-02-07T19:16:40.500,hyphax.seeds,nadimhamdan1,4.15,HYPHA,4.15 HYPHA,convert,434d38310448756d4a3e8a37f5fe472e13e0475d3127f721d2ae0b2783fcf1d7,
9810190323,2022-02-07T18:02:58.000,dao.hypha,costak.hypha,769.88,HYPHA,769.88 HYPHA,,06c03db7e52d62b67c29417feb870d3630ddc880c4ad88d00e3aea62eb29638b,
9810189923,2022-02-07T18:00:40.500,dao.hypha,costak.hypha,769.88,HYPHA,769.88 HYPHA,,f85a9fafe4351fa7273bbfb9670212e127584edaabbe7999601c1096c78e0beb,
9810189851,2022-02-07T18:00:18.000,dao.hypha,costak.hypha,769.88,HYPHA,769.88 HYPHA,,7363a72bfacfe69a100d4b3a7c2e21ac80303381d8af97bda07cbe66e3ea2c33,
9810189831,2022-02-07T18:00:13.500,dao.hypha,costak.hypha,769.88,HYPHA,769.88 HYPHA,,db2896b5aa9346748a1705c0d948c9b2a8f186d5150912173e4305de3679ba0e,
9810053154,2022-02-07T07:07:34.500,dao.hypha,costak.hypha,3318.6,HYPHA,3318.60 HYPHA,,ad462ebe99ead662d4a9ac34b01eb3e410a3bc51eb5dcffb21c1bf7edefc0228,
9809811703,2022-02-06T11:51:56.500,dao.hypha,costak.hypha,893.46,HYPHA,893.46 HYPHA,,ca7b9084a6dabcd452c9082abdacea978d2e125ec899f13730b028d0b94d57d0,
9809348100,2022-02-04T23:18:12.500,dao.hypha,costak.hypha,769.88,HYPHA,769.88 HYPHA,,11289a18c2a670f14f188f8d74785d42da3ec7f2a59b9205039d7f8b6985f2ad,
9809348082,2022-02-04T23:18:09.000,dao.hypha,costak.hypha,769.88,HYPHA,769.88 HYPHA,,425d50bbc4e3d5dc1730d1c3c63475c5895d79ec2df276ece1fba1ac09d7e002,
9808961394,2022-02-03T18:16:06.000,dao.hypha,costak.hypha,911.7,HYPHA,911.70 HYPHA,,5e89055919cc6da60ad5c9e4b0029a63e11ca871ef9a087846a9eaabc338b1fc,
9808553099,2022-02-02T12:22:17.000,dao.hypha,costak.hypha,2633.8,HYPHA,2633.80 HYPHA,,08cb74b1a771cffa9669087c0500f96b4c32c31e394610e2e42ae9b6b98625c1,
9808353579,2022-02-01T21:59:55.500,dao.hypha,costak.hypha,6928.92,HYPHA,6928.92 HYPHA,,fb5a9e17301b6894f7a37807113e72090ebce2bfafdc3131985a13bc754cf994,
9808353560,2022-02-01T21:59:53.000,dao.hypha,costak.hypha,6928.92,HYPHA,6928.92 HYPHA,,dfae7dddd9da7ac3c0c3d507e2d5394d2306a6bd5e6d4c839ae6fb3fb60563d6,
9808353544,2022-02-01T21:59:50.000,dao.hypha,costak.hypha,6928.92,HYPHA,6928.92 HYPHA,,abe506e96b946df730b081b5049488c9405c3189aaae749fd114f59fa4e97a7b,
9808353500,2022-02-01T21:59:38.000,dao.hypha,costak.hypha,769.88,HYPHA,769.88 HYPHA,,135b8aacc13b83444e0f8a4b1483ed37e971b54864bf8e36a77c95e955360764,
9808353479,2022-02-01T21:59:33.500,dao.hypha,costak.hypha,769.88,HYPHA,769.88 HYPHA,,c07e65728fc32564ff871b89da207d96b98ba327a216be9a7693437feff25a0f,
9808353450,2022-02-01T21:59:29.000,dao.hypha,costak.hypha,769.88,HYPHA,769.88 HYPHA,,0a6254e8c39e294d748bd041da98e662d8ddd2a31e1eb23a8ae21ebb38b663cd,
9808311900,2022-02-01T19:11:40.500,dao.hypha,costak.hypha,1474.92,HYPHA,1474.92 HYPHA,,4051326c86dbe3bccf54f3c7af5983a3bb4ab57ec0873b87532e108372168a85,
9808311882,2022-02-01T19:11:39.000,dao.hypha,costak.hypha,1474.92,HYPHA,1474.92 HYPHA,,827d7fda03094a68c1960227f595ad40d93d6810e0467d48170d6925da51bdc3,
9808306386,2022-02-01T18:48:41.500,dao.hypha,costak.hypha,1685.62,HYPHA,1685.62 HYPHA,,c7cee45462bafacfa88665bd166a7ac6a25c75b39b1ad36fcf88d7c6b009dbf9,
9808178398,2022-02-01T10:12:54.000,dao.hypha,costak.hypha,3318.6,HYPHA,3318.60 HYPHA,,7911bad2dc9c3649ebbe5134aee328428793a6b8f66d47501401c7357b5631b8,
9808157976,2022-02-01T08:35:33.000,dao.hypha,costak.hypha,668.57,HYPHA,668.57 HYPHA,,a1367b10217a5164c0e437900f727ac8563a933b4bcdde24fe47bbc8fd5b5cb9,
9808139173,2022-02-01T07:04:18.500,dao.hypha,costak.hypha,1896.32,HYPHA,1896.32 HYPHA,,b7a6f11d24ebdb5121657ff680bd733290ee0176b26677888291b64444e466a3,
9808138637,2022-02-01T07:01:37.500,dao.hypha,costak.hypha,1337.16,HYPHA,1337.16 HYPHA,,cb24ab688519a4ef57ec142b43fff42e88331167c21f568c5f5610f2879f4d50,
9808130304,2022-02-01T06:18:12.000,dao.hypha,costak.hypha,769.88,HYPHA,769.88 HYPHA,,6d639264127eb0d67e31785cdf1278d095277d61147011ad268c430165f39e2b,
9808130282,2022-02-01T06:18:09.000,dao.hypha,costak.hypha,769.88,HYPHA,769.88 HYPHA,,586e7b7f326a4b8c9fd78f7b1168bfbff8a609f86dd2336b70095a47977a5b27,
9808130255,2022-02-01T06:18:05.000,dao.hypha,costak.hypha,5543.13,HYPHA,5543.13 HYPHA,,ef9d7bacedc2f7631e7495eee925c8f24e6e4a2e455af02a8fc6cf8fc790586d,
9808130229,2022-02-01T06:18:02.000,dao.hypha,costak.hypha,5543.13,HYPHA,5543.13 HYPHA,,e2693507d5f5605e0a70250cf987f1ab46707fae067ca7e128d2e6dead61cb35,
9808126436,2022-02-01T05:58:18.000,dao.hypha,costak.hypha,3318.6,HYPHA,3318.60 HYPHA,,cdcd0a735373031056cb0cdab9d535850b52b77a78c98448d1c559d8e545cc14,
9807317764,2022-01-29T17:31:06.000,dao.hypha,costak.hypha,1458.72,HYPHA,1458.72 HYPHA,,b3a4867239352a284bc318719bf69a1c95d726d44b7478c4673dd24bfb03bb0b,
9807205931,2022-01-29T08:39:07.500,dao.hypha,costak.hypha,769.88,HYPHA,769.88 HYPHA,,e3f52297348df96247674588362c31aae1d5e2d66e5f7ad19e92bee0ef9ce2e5,
9807205866,2022-01-29T08:38:51.000,dao.hypha,costak.hypha,1154.82,HYPHA,1154.82 HYPHA,,c7ee350864439da57e3f40c15b02b800109d9aef8f1a62a7d2bd9351dab2b096,
9807205841,2022-01-29T08:38:45.500,dao.hypha,costak.hypha,1154.82,HYPHA,1154.82 HYPHA,,e0e5c1be9eba68e7ea763f03b1b0e8c67e43e8b4120dec6c13c0c3e2ca62c464,
9807205818,2022-01-29T08:38:42.000,dao.hypha,costak.hypha,2887.04,HYPHA,2887.04 HYPHA,,6dae54b667ab14c6dd31e79918a220e3ec42f0fe2b663493809e67b9d16e3b36,
9807135608,2022-01-29T02:55:15.000,dao.hypha,costak.hypha,1896.32,HYPHA,1896.32 HYPHA,,d06006256896f9d6dbd5d66ea83df2fb5eaa24c5e588928dc11478d5933dd17a,
9806894987,2022-01-28T08:09:21.000,dao.hypha,costak.hypha,3318.6,HYPHA,3318.60 HYPHA,,1f50349f5514e9c1cdf7ca6765902658e460a62c5e29e5cf98b22f7d89a4069d,
9806894968,2022-01-28T08:09:18.500,dao.hypha,costak.hypha,3318.6,HYPHA,3318.60 HYPHA,,9fd4954b150c74414d7eec9c03f10c6c794f02e41685612c3a401a21526c4c9e,
9806894950,2022-01-28T08:09:16.500,dao.hypha,costak.hypha,3318.6,HYPHA,3318.60 HYPHA,,6606014c3a47f1ce378fcd741f3458768405e0512f29c450e92da9e7c0268e14,
9806612994,2022-01-27T09:07:06.000,dao.hypha,costak.hypha,3318.6,HYPHA,3318.60 HYPHA,,502ade07ef2d06063756408149eb941bf2fb42ec17b2717737820327d52aa68c,
9806461160,2022-01-26T20:18:18.500,dao.hypha,costak.hypha,960.86,HYPHA,960.86 HYPHA,,58e5af1f6a4f9c3b62b25ab2c7b2ba75d5b0b6d4a0049a9c3b2f8b96e75a9dcd,
9806461140,2022-01-26T20:18:15.500,dao.hypha,costak.hypha,1817.64,HYPHA,1817.64 HYPHA,,41bebd94594a58c61c0c2d610f8cfea1f52c7ff29636d81bf11deb6c96c006ad,
9806446332,2022-01-26T19:09:24.500,dao.hypha,costak.hypha,534.86,HYPHA,534.86 HYPHA,,08e456ea7273b4b22b07ec6027082ca1fafd9522c9534480356bc4f1e5b30d57,
9806442656,2022-01-26T18:50:55.500,dao.hypha,costak.hypha,1316.9,HYPHA,1316.90 HYPHA,,1ea734222a34455a9bb78630d40ab1f728f5f68fb92695d1352c8cf8a9884bd5,
9806346603,2022-01-26T11:03:41.500,dao.hypha,costak.hypha,3318.6,HYPHA,3318.60 HYPHA,,de70120bd2dab1e86d0975801aa5f7a4ada82daa61f1d5d7cdce21de290c5423,
9806302073,2022-01-26T07:39:07.000,dao.hypha,costak.hypha,668.57,HYPHA,668.57 HYPHA,,5bc60f0399ff1524f5b6cd5b037b33b70fe533841037a28bf4b87ef48125069d,
9806302030,2022-01-26T07:39:01.500,dao.hypha,costak.hypha,348.01,HYPHA,348.01 HYPHA,,917b8cd46473d63a1e661b03e894d7f9bee1fc01a571d967da9ea947dd2c5e57,
9806238049,2022-01-26T03:44:33.500,dao.hypha,costak.hypha,2633.8,HYPHA,2633.80 HYPHA,,468009d2f533f402f2630f1ca7094518c5d885d6ae10c281d50876e60f84f2e9,
9806125023,2022-01-25T20:07:35.000,dao.hypha,costak.hypha,1337.16,HYPHA,1337.16 HYPHA,,04943e88eb8002b721f13de37d212ba8b97bd5b572c6736d26d5cff0d602f468,
9806105979,2022-01-25T18:40:24.000,dao.hypha,costak.hypha,1685.62,HYPHA,1685.62 HYPHA,,10834d6b3acdd2e0a435fa91eecc08422c3f496409c7ad2869d5cbe31dedd673,
9806095577,2022-01-25T17:57:06.000,dao.hypha,costak.hypha,911.7,HYPHA,911.70 HYPHA,,afb88c1bbd006362676bbbce7e2b587198a5bfa387c73dd2f31b68744ce7015f,
9806095540,2022-01-25T17:57:01.000,dao.hypha,costak.hypha,829.29,HYPHA,829.29 HYPHA,,eea4b3b27ea621e472b9901b288e316cfa8f65a88cc9ed1ba262c6c53f71dcec,
9806066687,2022-01-25T15:35:51.500,dao.hypha,costak.hypha,893.46,HYPHA,893.46 HYPHA,,07f1181fbfcdb245e5e79e39b8bc19c2d93b9b391d78ed4b451a0d15d0f924b1,
9806065571,2022-01-25T15:30:44.000,dao.hypha,costak.hypha,4966,HYPHA,4966.00 HYPHA,,212f6fa084d5bf446132f1c8c9484b75ce24107e90f3880a00cc7705a0096108,
9806047375,2022-01-25T13:59:01.000,dao.hypha,costak.hypha,769.88,HYPHA,769.88 HYPHA,,5ee58bb2eb2d9909b3ebaffa18d168fbf0412422d28735276aa434d2c296e8f6,
9806047312,2022-01-25T13:58:45.500,dao.hypha,costak.hypha,4850.24,HYPHA,4850.24 HYPHA,,04561374d198b42abeab39e8597d564edf95cba30b548510dd48024bcc9e1f8c,
9805893300,2022-01-25T00:50:13.000,dao.hypha,costak.hypha,1053.52,HYPHA,1053.52 HYPHA,,6d0a067e122210dac937b4af109d95099a5a93597631584d81f9aad7f2f09d5b,
9805893275,2022-01-25T00:50:09.500,dao.hypha,costak.hypha,1580.28,HYPHA,1580.28 HYPHA,,74da891a277eec4c69997a9f3252402b89f444cb4c1d2ac3a8a2f3587f349a2c,
9804150607,2022-01-21T03:20:27.000,dao.hypha,costak.hypha,769.88,HYPHA,769.88 HYPHA,,67831373f0ffc6d6d0020a14049bbd554eaf9739d9b94150a190592f06b20bd4,
9804013510,2022-01-20T16:14:56.000,hyphax.seeds,gradinagruiu,0.02,HYPHA,0.02 HYPHA,convert,4c2b50343671e76d049109bcea9bedf6cdb1944e387aeefdf8b89e9c3b579083,
9803996421,2022-01-20T14:42:11.000,dao.hypha,costak.hypha,5681.93,HYPHA,5681.93 HYPHA,,5ae05aea141f193bdc6a28596596d23d6ea818636aebf9226ac1ab4c05f0bca8,
9803951832,2022-01-20T10:52:58.500,dao.hypha,costak.hypha,2633.8,HYPHA,2633.80 HYPHA,,e0e8bed529ca1e21cf3302f7ff74f3221f57ee31eaf6644e1b1b93e16748bb44,
9803833599,2022-01-20T00:50:04.000,dao.hypha,costak.hypha,1896.32,HYPHA,1896.32 HYPHA,,3020eb11683f511aed8aa00291b46234f810847a859453b01b20fc42e71275ae,
9803794905,2022-01-19T21:31:49.500,swapx.seeds,hyphax.seeds,1.01,HYPHA,1.01 HYPHA,1,hyphax.seeds SEEDS,296.8798,dversityclub,fe24a462d9b75651c22b4424586baf8b6d76137bed47625c3496da1becfabe3f,
9803794902,2022-01-19T21:31:49.500,dversityclub,swapx.seeds,1.01,HYPHA,1.01 HYPHA,1,hyphax.seeds SEEDS,296.8798,dversityclub,fe24a462d9b75651c22b4424586baf8b6d76137bed47625c3496da1becfabe3f,
9803677178,2022-01-19T10:53:46.000,dao.hypha,costak.hypha,3318.6,HYPHA,3318.60 HYPHA,,da13340ace36a7a22db90407549544c5d6b352794f56c0d6aac67e52e6892890,
9803494519,2022-01-18T20:14:03.000,dao.hypha,costak.hypha,1458.72,HYPHA,1458.72 HYPHA,,4f4163d82613db8227e67293ac6330a61cc19d82ae963c6d6a33952ea436afac,
9803494499,2022-01-18T20:14:01.500,dao.hypha,costak.hypha,1458.72,HYPHA,1458.72 HYPHA,,63426dc2e22501779c491d42a43f2dd78394bda5d1ddb9bec1e24ce3e71e88fb,
9803494481,2022-01-18T20:14:00.500,dao.hypha,costak.hypha,1458.72,HYPHA,1458.72 HYPHA,,d46eca7a4ef82905960688020bda8a597ea23bba415472fb411f3e6eeff6f350,
9803449970,2022-01-18T16:51:17.500,dao.hypha,costak.hypha,893.46,HYPHA,893.46 HYPHA,,b2f6f9da2e6b0147c655e12d2c3aaf0cb367a16fc2dcaaf0531ace6da357a16f,
9803443723,2022-01-18T16:23:56.000,hyphax.seeds,pedroteux123,0.09,HYPHA,0.09 HYPHA,convert,d1d7d4dcd24ee19362675deb9edb6633469604d5172e1714d03e6c41671d5758,
9803433595,2022-01-18T15:35:25.000,dao.hypha,costak.hypha,1316.9,HYPHA,1316.90 HYPHA,,4777f851b98143bf51d21ba630ed060848e7c1d826d87e1a06418f554c2d484b,
9803433574,2022-01-18T15:35:23.000,dao.hypha,costak.hypha,1316.9,HYPHA,1316.90 HYPHA,,298e91af2dfa5bdf55aa3a6c052a37213b79fc7f268d7d07f927b32de696c1ff,
9803358230,2022-01-18T09:51:19.000,dao.hypha,costak.hypha,1685.62,HYPHA,1685.62 HYPHA,,065521d4aec1bf8cf0da0038e63ac6645da9a75a2a88247a4547889246dc8d9a,
9803301412,2022-01-18T05:48:26.000,dao.hypha,costak.hypha,769.88,HYPHA,769.88 HYPHA,,4b9fe0f14d6e7583c150ef6d09a81e9fabd3860eb067e33782f997059fa8958f,
9803301375,2022-01-18T05:48:21.500,dao.hypha,costak.hypha,1154.82,HYPHA,1154.82 HYPHA,,9eaf44b67f8e7063a3188253c8354a0e49b07b3077295e92a0eb13b6941b0b4a,
9803301338,2022-01-18T05:48:18.000,dao.hypha,costak.hypha,1154.82,HYPHA,1154.82 HYPHA,,0fde5a6fb74e15cfcd30dbd75cbcef28e2347b4fb770ef2256079b19d4404369,
9803301324,2022-01-18T05:48:18.000,dao.hypha,costak.hypha,2887.04,HYPHA,2887.04 HYPHA,,2b2479a73320c434015e4eb24d093e2b9e3479e280c672fa622baf46d5d82edc,
9803299445,2022-01-18T05:39:48.000,dao.hypha,costak.hypha,3318.6,HYPHA,3318.60 HYPHA,,fdba5c28ecc48c2672cbf8bdb17c8de262c576a9488263920021d9bfee0f93ce,
9803233150,2022-01-18T00:52:21.000,dao.hypha,costak.hypha,534.86,HYPHA,534.86 HYPHA,,954b3d2c4f2586f1afaecde09dd42151a4eb9d92825b010beffd350b52967d33,
9803232641,2022-01-18T00:49:39.000,dao.hypha,costak.hypha,534.86,HYPHA,534.86 HYPHA,,edb4a75ed3879f2131857dbc07d351e872430a5bc012ed52dfc62c195ad63fc6,
9803231374,2022-01-18T00:43:54.000,dao.hypha,costak.hypha,1337.16,HYPHA,1337.16 HYPHA,,f411f070d9334bafc09aeab7a13d52de32592f2b1d135a5ab465d4edb8a79583,
9803226159,2022-01-18T00:17:57.500,dao.hypha,costak.hypha,769.88,HYPHA,769.88 HYPHA,,bbc8b0a1ca2224e58ca7706959d5bbbdecf9f44d053fc7d0286d96cf3b716dab,
9803226120,2022-01-18T00:17:48.000,dao.hypha,costak.hypha,4850.24,HYPHA,4850.24 HYPHA,,f808894983400a89bce097f0e430681a819810d7707714223aa12999e4e2dc58,
9803081707,2022-01-17T14:55:30.000,dao.hypha,costak.hypha,3039,HYPHA,3039.00 HYPHA,,cb7156fdc531d04fa2f1ffb4a367451c4a8307aac511c63ed9148d2bdb952167,
9802926245,2022-01-17T02:12:05.000,dao.hypha,costak.hypha,6928.92,HYPHA,6928.92 HYPHA,,af19bab71ff5bbaa7516c4c987bfdb11a2252e8bc9d7e387425fe2acbc31cae7,
9802926212,2022-01-17T02:11:59.500,dao.hypha,costak.hypha,581.57,HYPHA,581.57 HYPHA,,1a4d9321b56f9495c9cc175bc537680a2b3efc174f678f15ac13771941100f77,
9802676372,2022-01-16T03:43:00.500,dao.hypha,costak.hypha,1896.32,HYPHA,1896.32 HYPHA,,ed7eb20e16afce69d9fd467721391f535549ed41a2c7321af1392222a2c4dae1,
9802556405,2022-01-15T16:28:19.500,dao.hypha,costak.hypha,303.9,HYPHA,303.90 HYPHA,,d8347ba02e46fed05d83fa4a2f35dbf1aa068c72721b96dd098a292a8e13a6b2,
9802556377,2022-01-15T16:28:14.500,dao.hypha,costak.hypha,303.9,HYPHA,303.90 HYPHA,,c9c90584ab56aa7f9841a49a3eddc480e20705b8cbaf76591d501166f7d3ef78,
9802532281,2022-01-15T14:13:34.000,dao.hypha,costak.hypha,1580.28,HYPHA,1580.28 HYPHA,,a5da508760da465993166884e565d2f97a88f2eeb38c1c22dad87fc499b99976,
9802532215,2022-01-15T14:13:15.500,dao.hypha,costak.hypha,1053.52,HYPHA,1053.52 HYPHA,,644bb1078aab3c4f2dc924ecd348b2463b697d7e85e56d1e8a1470d47405eb5a,
9802520426,2022-01-15T13:04:14.500,dao.hypha,costak.hypha,769.88,HYPHA,769.88 HYPHA,,c28f8ab62122582ba5da20e5cb0148c8e9b4d7504e05cc35138007b002b9921e,
9802520359,2022-01-15T13:03:57.000,dao.hypha,costak.hypha,4850.24,HYPHA,4850.24 HYPHA,,499e9035c41fbd5551dad7a5205d7e0a4c61999ea47e0392d18bf14b4a4ec7e4,
9802506152,2022-01-15T11:44:49.000,dao.hypha,costak.hypha,769.88,HYPHA,769.88 HYPHA,,ad749d90a3698d06b212333b08b59dc83fad3cdc9d52cdfb7046d95dc2716633,
9802506130,2022-01-15T11:44:44.000,dao.hypha,costak.hypha,769.88,HYPHA,769.88 HYPHA,,4366318e5f0a95feb4c85ebf3f277218bcb2dc026fc24e92ca06ce52053b92b1,
9802506097,2022-01-15T11:44:36.000,dao.hypha,costak.hypha,1154.82,HYPHA,1154.82 HYPHA,,d46afc2783e0c77a3ec031d319d9b3460126bcfb41fb0b425f8f56ef4b7dcc71,
9802506070,2022-01-15T11:44:31.500,dao.hypha,costak.hypha,1154.82,HYPHA,1154.82 HYPHA,,81eb54ef226208e928abb3b7464f96e302a78aff05480fbee6c7a11a631d42d5,
9802506042,2022-01-15T11:44:25.500,dao.hypha,costak.hypha,1154.82,HYPHA,1154.82 HYPHA,,520fcd2fb29836098fa5c20fcd9135cd8c72ffad51ded9f302397802a4e96a11,
9802506001,2022-01-15T11:44:20.500,dao.hypha,costak.hypha,1154.82,HYPHA,1154.82 HYPHA,,50422001f2b9d1a3ba1af94a9a9da84dbdb7d2f1b74e4659f283ebcc049a54ff,
9802497432,2022-01-15T10:57:48.500,dao.hypha,costak.hypha,334.28,HYPHA,334.28 HYPHA,,cc4a0ed2cba1cf70151d1f9d3945dabdd54a2321362adc5542a246434e991bf6,
9802497404,2022-01-15T10:57:42.000,dao.hypha,costak.hypha,334.28,HYPHA,334.28 HYPHA,,c3522967f4397cbbb4a7d9fb5e57da1d39a6e266108077c2281f03bdfa1e0286,
9802494306,2022-01-15T10:39:23.500,dao.hypha,costak.hypha,893.46,HYPHA,893.46 HYPHA,,1e7d54446bae4bfd2d397d2b572c02800f563de783ba050dc71e3786cb388838,
9802488563,2022-01-15T10:06:18.500,dao.hypha,costak.hypha,769.88,HYPHA,769.88 HYPHA,,ceb5d3a74275ac119c88826ea9222fd07a6826cefe6f3c4fad1f2c8826beb632,
9802488549,2022-01-15T10:06:17.000,dao.hypha,costak.hypha,769.88,HYPHA,769.88 HYPHA,,302d96c941f278cf963c75afbb911ec2eb500f7f524e9499d4b04a697b11d09a,
9802488534,2022-01-15T10:06:15.000,dao.hypha,costak.hypha,769.88,HYPHA,769.88 HYPHA,,02237352d96ea6990c5bf960e5758090a84ad44489debe0fd251d13442ebdfdd,
9802488521,2022-01-15T10:06:13.500,dao.hypha,costak.hypha,769.88,HYPHA,769.88 HYPHA,,0f5178481417ff4a0e4be15ba10a724e712bcdced1776d92ae0ab24814325f4c,
9802488506,2022-01-15T10:06:12.000,dao.hypha,costak.hypha,769.88,HYPHA,769.88 HYPHA,,f102d10b40adae07702d53768ebec103ecde49bbf799ca15c1c91297063ff413,
9802478397,2022-01-15T09:11:15.500,dao.hypha,costak.hypha,3318.6,HYPHA,3318.60 HYPHA,,2c5f16341c8ad75c81bf123c758b4ef24a8f499010ca0be6a5a866ceea808d49,
9802435453,2022-01-15T05:25:25.500,dao.hypha,costak.hypha,1685.62,HYPHA,1685.62 HYPHA,,647552e8134f4a39d0224bfedf01166f58b60b2b6ac12f1b00e4db2a33f3b02c,
9802419813,2022-01-15T04:02:11.000,dao.hypha,costak.hypha,3318.6,HYPHA,3318.60 HYPHA,,32d2db78888916eeb5afd7e50c20a62ed9eb4c68476de003aefe5233032f438f,
9802415323,2022-01-15T03:36:25.000,dao.hypha,costak.hypha,769.88,HYPHA,769.88 HYPHA,,19aed80c2fa52cdabc8901b49bc53077df853ecb9a4a1da83f744ea0ec4d274a,
9802415296,2022-01-15T03:36:21.000,dao.hypha,costak.hypha,769.88,HYPHA,769.88 HYPHA,,c1f63ac6945b43056e0f58376fdee960ee147e95da3eb3237bbfea4360960527,
9802415255,2022-01-15T03:36:14.000,dao.hypha,costak.hypha,769.88,HYPHA,769.88 HYPHA,,27cea7a1256600729bb1d9b2903bf605192be5cf7cdd532325318ce62aa40ca4,
9802414246,2022-01-15T03:30:36.500,dao.hypha,costak.hypha,492,HYPHA,492.00 HYPHA,,6b861dac120a2b8ac5a32c1823a57177880c41d63d4e7ca74bbcdc108e7c497d,
9802412025,2022-01-15T03:18:24.000,dao.hypha,costak.hypha,2633.8,HYPHA,2633.80 HYPHA,,73bb99c96fdf61d186cc8a076329a54fd05915f8926477071b46ad529bd6e44e,
9802410301,2022-01-15T03:10:59.000,dao.hypha,costak.hypha,2887.04,HYPHA,2887.04 HYPHA,,237bb970d1b8696f983031724b110ffcb2f173dad30f9fe5ece5d0c667bfe67d,
9802410274,2022-01-15T03:10:54.000,dao.hypha,costak.hypha,2887.04,HYPHA,2887.04 HYPHA,,749b2f9eb59dec69e481924d68e0ddae8b97920dc5f82a1d328165fcd874b3ea,
9802410191,2022-01-15T03:10:27.000,dao.hypha,costak.hypha,1337.16,HYPHA,1337.16 HYPHA,,83b249e0e8ec75b9ec6c95ad9c53f86eea4a9ead6a4deb5cdd99e78c6002c340,
9802320127,2022-01-14T18:49:11.500,hyphax.seeds,markflowfarm,0.07,HYPHA,0.07 HYPHA,convert,85f9cbdef37df64b747bfde72d707c0d9c286ccca4a49ee24b9f526d1c740754,
9801858887,2022-01-13T01:03:42.000,hyphax.seeds,rpiesveloces,0.33,HYPHA,0.33 HYPHA,convert,27c0088f342c913020c7d95a4dc791ac307413d01cad1a2a8878b48b14a9ced0,
9801855280,2022-01-13T00:40:05.000,hyphax.seeds,rpiesveloces,2.48,HYPHA,2.48 HYPHA,convert,644592ab46cdb55d20a61d45ee634be4b923012389865ca8c3175fd1627b9bee,
9801855205,2022-01-13T00:39:45.000,hyphax.seeds,rpiesveloces,2.85,HYPHA,2.85 HYPHA,convert,f2cc75f6479975ede59c4baee1ea05a219e2e5b09905f5d2ea8e6cc36ab0bb30,
9801855131,2022-01-13T00:39:22.500,hyphax.seeds,rpiesveloces,7,HYPHA,7.00 HYPHA,convert,368059aabf0a142df533c4d33e00b8c3cc7a04305998279b87e84171a2854b09,
9801855034,2022-01-13T00:38:51.500,hyphax.seeds,rpiesveloces,28.37,HYPHA,28.37 HYPHA,convert,23e01a1077e633426582792afa25b38ad5f088cb1677b23a51ee6f6e5539701a,
9801490321,2022-01-11T15:51:15.000,dao.hypha,costak.hypha,6961.1,HYPHA,6961.10 HYPHA,HIP1 redistribution event,6ea696da68b7227889beaf19cbe3834e754ae32b39292a35e95d7bf7fc56c2d4,
9801490119,2022-01-11T15:50:10.000,dao.hypha,costak.hypha,130209.85,HYPHA,130209.85 HYPHA,HIP1 redistribution event,f8b3868c0b5aabe120a202262fbb3cf532a830c2b36a9a8f3b100bec7cccb109,
9801489767,2022-01-11T15:48:12.500,dao.hypha,costak.hypha,305116.2,HYPHA,305116.20 HYPHA,HIP1 redistribution event,0254477ba9260517fea4b19561cfa5a5d7a4e340e45d229dadfe5c5d4f146fea,
9801489580,2022-01-11T15:47:11.500,dao.hypha,costak.hypha,1425273.42,HYPHA,1425273.42 HYPHA,HIP1 redistribution event,dd6b31df017b816f89ace2f919a49887459bef398dfd9f3e53c9a6848d6aeb1d,
9801484613,2022-01-11T15:19:31.000,dao.hypha,costak.hypha,3095420.4,HYPHA,3095420.40 HYPHA,HIP1 redistribution event,9d2ce4cf95b4f8a421ba07c3b53d99a3cf3cce1b95af5ee514828f3a4e12532c,
9801483476,2022-01-11T15:13:12.500,dao.hypha,costak.hypha,4216165.86,HYPHA,4216165.86 HYPHA,HIP1 redistribution event,d6754285bc1bd3753078aa7123d36c541fca7306ecc6ac2634ce9e7e739ef38a,
9801481669,2022-01-11T15:02:58.500,dao.hypha,costak.hypha,33260960.35,HYPHA,33260960.35 HYPHA,HIP1 redistribution event,30086e26f6b621e1ecc58a3a36eaa079abe205989d3b014f7f5877057c78436c,
